Full ID,Species,SppID,Hub,Transect,Mom,Pin,Distance,Angle_Comp,Angle_Deg_fromN,Angle_Rad_fromN,Angle_Deg_fromE,Angle_Rad_fromE,Notes
AcalT1M1,L. californica,cal,A,1,1,NA,NA,NA,NA,NA,NA,NA,NA
AcalT1M2,L. californica,cal,A,1,2,1,4.6,7,146.25,2.55,303.75,5.3,
AcalT1M2,L. californica,cal,A,1,2,2,7.4,5,101.25,1.77,168.75,2.95,
AcalT1M2,L. californica,cal,A,1,2,3,10.8,5,101.25,1.77,168.75,2.95,
AcalT1M2,L. californica,cal,A,1,2,4,7.7,6,123.75,2.16,326.25,5.69,
AcalT1M2,L. californica,cal,A,1,2,5,9.05,6,123.75,2.16,326.25,5.69,
AcalT1M2,L. californica,cal,A,1,2,6,8.75,6,123.75,2.16,326.25,5.69,
AcalT1M2,L. californica,cal,A,1,2,7,9.2,6,123.75,2.16,326.25,5.69,
AcalT1M2,L. californica,cal,A,1,2,8,7.35,6,123.75,2.16,326.25,5.69,
AcalT1M2,L. californica,cal,A,1,2,9,11.2,5,101.25,1.77,168.75,2.95,
AcalT1M2,L. californica,cal,A,1,2,10,11.5,5,101.25,1.77,168.75,2.95,
AcalT1M2,L. californica,cal,A,1,2,11,11.4,5,101.25,1.77,168.75,2.95,
AcalT1M2,L. californica,cal,A,1,2,12,11.1,5,101.25,1.77,168.75,2.95,
AcalT1M2,L. californica,cal,A,1,2,13,11.05,6,123.75,2.16,326.25,5.69,
AcalT1M2,L. californica,cal,A,1,2,14,9.7,6,123.75,2.16,326.25,5.69,
AcalT1M2,L. californica,cal,A,1,2,15,10.1,7,146.25,2.55,303.75,5.3,
AcalT1M2,L. californica,cal,A,1,2,16,11.95,6,123.75,2.16,326.25,5.69,
AcalT1M2,L. californica,cal,A,1,2,17,14.45,6,123.75,2.16,326.25,5.69,
AcalT1M2,L. californica,cal,A,1,2,18,11.85,7,146.25,2.55,303.75,5.3,
AcalT1M2,L. californica,cal,A,1,2,19,12.6,7,146.25,2.55,303.75,5.3,
AcalT1M3,L. californica,cal,A,1,3,NA,NA,NA,NA,NA,NA,NA,NA
AcalT2M1,L. californica,cal,A,2,1,NA,NA,NA,NA,NA,NA,NA,NA
AcalT2M2,L. californica,cal,A,2,2,1,1.6,4,78.75,1.37,11.25,0.2,
AcalT2M2,L. californica,cal,A,2,2,2,1.6,6,123.75,2.16,326.25,5.69,
AcalT2M2,L. californica,cal,A,2,2,3,2.6,6,123.75,2.16,326.25,5.69,
AcalT2M2,L. californica,cal,A,2,2,4,2.6,8,168.75,2.95,281.25,4.91,
AcalT2M2,L. californica,cal,A,2,2,5,2.9,11,236.25,4.12,213.75,3.73,
AcalT2M2,L. californica,cal,A,2,2,6,3.2,12,258.75,4.52,191.25,3.34,
AcalT2M2,L. californica,cal,A,2,2,7,3.3,15,326.25,5.69,123.75,2.16,
AcalT2M2,L. californica,cal,A,2,2,8,2.5,1,11.25,0.2,78.75,1.37,
AcalT2M2,L. californica,cal,A,2,2,9,2.2,2,33.75,0.59,56.25,0.98,
AcalT2M2,L. californica,cal,A,2,2,10,9.3,3,56.25,0.98,33.75,0.59,
AcalT2M2,L. californica,cal,A,2,2,11,11.3,4,78.75,1.37,11.25,0.2,
AcalT2M2,L. californica,cal,A,2,2,12,9.8,5,101.25,1.77,168.75,2.95,
AcalT2M2,L. californica,cal,A,2,2,13,7.3,6,123.75,2.16,326.25,5.69,
AcalT2M2,L. californica,cal,A,2,2,14,10,6,123.75,2.16,326.25,5.69,
AcalT2M3,L. californica,cal,A,2,3,NA,NA,NA,NA,NA,NA,NA,NA
AfreT1M1,L. fremontii,fre,A,1,1,NA,NA,NA,NA,NA,NA,NA,NA
AfreT1M2,L. fremontii,fre,A,1,2,NA,NA,NA,NA,NA,NA,NA,NA
AfreT1M3,L. fremontii,fre,A,1,3,NA,NA,NA,NA,NA,NA,NA,NA
AfreT2M1,L. fremontii,fre,A,2,1,1,11.5,5,101.25,1.77,168.75,2.95,
AfreT2M1,L. fremontii,fre,A,2,1,2,12.65,5,101.25,1.77,168.75,2.95,
AfreT2M1,L. fremontii,fre,A,2,1,3,11.5,5,101.25,1.77,168.75,2.95,
AfreT2M1,L. fremontii,fre,A,2,1,4,18.2,5,101.25,1.77,168.75,2.95,
AfreT2M1,L. fremontii,fre,A,2,1,5,16.8,5,101.25,1.77,168.75,2.95,
AfreT2M1,L. fremontii,fre,A,2,1,6,16.2,5,101.25,1.77,168.75,2.95,
AfreT2M1,L. fremontii,fre,A,2,1,7,17.5,5,101.25,1.77,168.75,2.95,
AfreT2M1,L. fremontii,fre,A,2,1,8,16.25,5,101.25,1.77,168.75,2.95,
AfreT2M1,L. fremontii,fre,A,2,1,9,16.9,4,78.75,1.37,11.25,0.2,
AfreT2M2,L. fremontii,fre,A,2,2,NA,NA,NA,NA,NA,NA,NA,NA
AfreT2M3,L. fremontii,fre,A,2,3,NA,NA,NA,NA,NA,NA,NA,NA
AglaT1M1,L. glaberrima,gla,A,1,1,NA,NA,NA,NA,NA,NA,NA,NA
AglaT1M2,L. glaberrima,gla,A,1,2,NA,NA,NA,NA,NA,NA,NA,NA
AglaT1M3,L. glaberrima,gla,A,1,3,1,5.75,1,11.25,0.2,78.75,1.37,
AglaT1M3,L. glaberrima,gla,A,1,3,2,5.85,2,33.75,0.59,56.25,0.98,
AglaT1M3,L. glaberrima,gla,A,1,3,3,6.7,1,11.25,0.2,78.75,1.37,
AglaT1M3,L. glaberrima,gla,A,1,3,4,7.25,1,11.25,0.2,78.75,1.37,
AglaT1M3,L. glaberrima,gla,A,1,3,5,6.75,16,348.75,6.09,101.25,1.77,
AglaT1M3,L. glaberrima,gla,A,1,3,6,7.55,2,33.75,0.59,56.25,0.98,
AglaT1M3,L. glaberrima,gla,A,1,3,7,8.3,16,348.75,6.09,101.25,1.77,
AglaT2M1,L. glaberrima,gla,A,2,1,NA,NA,NA,NA,NA,NA,NA,NA
AglaT2M2,L. glaberrima,gla,A,2,2,NA,NA,NA,NA,NA,NA,NA,NA
AglaT2M3,L. glaberrima,gla,A,2,3,NA,NA,NA,NA,NA,NA,NA,NA
BcalT1M1,L. californica,cal,B,1,1,NA,NA,NA,NA,NA,NA,NA,NA
BcalT1M2,L. californica,cal,B,1,2,NA,NA,NA,NA,NA,NA,NA,NA
BcalT1M3,L. californica,cal,B,1,3,NA,NA,NA,NA,NA,NA,NA,NA
BcalT2M1,L. californica,cal,B,2,1,NA,NA,NA,NA,NA,NA,NA,NA
BcalT2M2,L. californica,cal,B,2,2,1,14.2,2,33.75,0.59,56.25,0.98,
BcalT2M2,L. californica,cal,B,2,2,2,15.1,2,33.75,0.59,56.25,0.98,
BcalT2M2,L. californica,cal,B,2,2,3,13.75,2,33.75,0.59,56.25,0.98,
BcalT2M2,L. californica,cal,B,2,2,4,14.5,2,33.75,0.59,56.25,0.98,
BcalT2M2,L. californica,cal,B,2,2,5,14.3,2,33.75,0.59,56.25,0.98,
BcalT2M2,L. californica,cal,B,2,2,6,14.25,2,33.75,0.59,56.25,0.98,
BcalT2M2,L. californica,cal,B,2,2,7,15.5,2,33.75,0.59,56.25,0.98,
BcalT2M2,L. californica,cal,B,2,2,8,17.9,2,33.75,0.59,56.25,0.98,
BcalT2M2,L. californica,cal,B,2,2,9,18.35,2,33.75,0.59,56.25,0.98,
BcalT2M2,L. californica,cal,B,2,2,10,16.4,2,33.75,0.59,56.25,0.98,
BcalT2M2,L. californica,cal,B,2,2,11,17,2,33.75,0.59,56.25,0.98,
BcalT2M2,L. californica,cal,B,2,2,12,18.75,2,33.75,0.59,56.25,0.98,
BcalT2M2,L. californica,cal,B,2,2,13,15.35,1,11.25,0.2,78.75,1.37,
BcalT2M2,L. californica,cal,B,2,2,14,16.4,1,11.25,0.2,78.75,1.37,
BcalT2M2,L. californica,cal,B,2,2,15,18.65,1,11.25,0.2,78.75,1.37,
BcalT2M2,L. californica,cal,B,2,2,16,18.85,1,11.25,0.2,78.75,1.37,
BcalT2M2,L. californica,cal,B,2,2,17,21.45,2,33.75,0.59,56.25,0.98,
BcalT2M2,L. californica,cal,B,2,2,18,21.6,2,33.75,0.59,56.25,0.98,
BcalT2M2,L. californica,cal,B,2,2,19,20.5,2,33.75,0.59,56.25,0.98,
BcalT2M3,L. californica,cal,B,2,3,NA,NA,NA,NA,NA,NA,NA,NA
BfreT1M1,L. fremontii,fre,B,1,1,NA,NA,NA,NA,NA,NA,NA,NA
BfreT1M2,L. fremontii,fre,B,1,2,1,7.3,6,123.75,2.16,326.25,5.69,
BfreT1M2,L. fremontii,fre,B,1,2,2,7.95,6,123.75,2.16,326.25,5.69,
BfreT1M2,L. fremontii,fre,B,1,2,3,8.4,6,123.75,2.16,326.25,5.69,
BfreT1M2,L. fremontii,fre,B,1,2,4,8.9,6,123.75,2.16,326.25,5.69,
BfreT1M2,L. fremontii,fre,B,1,2,5,9.7,6,123.75,2.16,326.25,5.69,
BfreT1M2,L. fremontii,fre,B,1,2,6,9.95,7,146.25,2.55,303.75,5.3,
BfreT1M2,L. fremontii,fre,B,1,2,7,10.8,6,123.75,2.16,326.25,5.69,
BfreT1M2,L. fremontii,fre,B,1,2,8,10.4,6,123.75,2.16,326.25,5.69,
BfreT1M2,L. fremontii,fre,B,1,2,9,11.25,7,146.25,2.55,303.75,5.3,
BfreT1M2,L. fremontii,fre,B,1,2,10,10.3,7,146.25,2.55,303.75,5.3,
BfreT1M2,L. fremontii,fre,B,1,2,11,10.85,7,146.25,2.55,303.75,5.3,
BfreT1M2,L. fremontii,fre,B,1,2,12,11,7,146.25,2.55,303.75,5.3,
BfreT1M2,L. fremontii,fre,B,1,2,13,10.55,7,146.25,2.55,303.75,5.3,
BfreT1M3,L. fremontii,fre,B,1,3,NA,NA,NA,NA,NA,NA,NA,NA
BfreT2M1,L. fremontii,fre,B,2,1,NA,NA,NA,NA,NA,NA,NA,NA
BfreT2M2,L. fremontii,fre,B,2,2,NA,NA,NA,NA,NA,NA,NA,NA
BfreT2M3,L. fremontii,fre,B,2,3,NA,NA,NA,NA,NA,NA,NA,NA
BglaT1M1,L. glaberrima,gla,B,1,1,NA,NA,NA,NA,NA,NA,NA,NA
BglaT1M2,L. glaberrima,gla,B,1,2,NA,NA,NA,NA,NA,NA,NA,NA
BglaT1M3,L. glaberrima,gla,B,1,3,NA,NA,NA,NA,NA,NA,NA,NA
BglaT2M1,L. glaberrima,gla,B,2,1,NA,NA,NA,NA,NA,NA,NA,NA
BglaT2M2,L. glaberrima,gla,B,2,2,1,8.55,3,56.25,0.98,33.75,0.59,
BglaT2M2,L. glaberrima,gla,B,2,2,2,8.85,3,56.25,0.98,33.75,0.59,
BglaT2M2,L. glaberrima,gla,B,2,2,3,12.6,2,33.75,0.59,56.25,0.98,
BglaT2M2,L. glaberrima,gla,B,2,2,4,13.2,2,33.75,0.59,56.25,0.98,
BglaT2M3,L. glaberrima,gla,B,2,3,1,9.7,15,326.25,5.69,123.75,2.16,
BglaT2M3,L. glaberrima,gla,B,2,3,2,11.35,15,326.25,5.69,123.75,2.16,
BglaT2M3,L. glaberrima,gla,B,2,3,3,13.1,14,303.75,5.3,146.25,2.55,
BglaT2M3,L. glaberrima,gla,B,2,3,4,12.45,15,326.25,5.69,123.75,2.16,
BglaT2M3,L. glaberrima,gla,B,2,3,5,11.7,15,326.25,5.69,123.75,2.16,
BglaT2M3,L. glaberrima,gla,B,2,3,6,13.2,15,326.25,5.69,123.75,2.16,
BglaT2M3,L. glaberrima,gla,B,2,3,7,13.85,15,326.25,5.69,123.75,2.16,
CcalT1M1,L. californica,cal,C,1,1,NA,NA,NA,NA,NA,NA,NA,NA
CcalT1M2,L. californica,cal,C,1,2,1,5.2,14,303.75,5.3,146.25,2.55,
CcalT1M2,L. californica,cal,C,1,2,2,4.2,14,303.75,5.3,146.25,2.55,
CcalT1M2,L. californica,cal,C,1,2,3,5.75,14,303.75,5.3,146.25,2.55,
CcalT1M2,L. californica,cal,C,1,2,4,4.3,11,236.25,4.12,213.75,3.73,
CcalT1M2,L. californica,cal,C,1,2,5,3.55,8,168.75,2.95,281.25,4.91,
CcalT1M2,L. californica,cal,C,1,2,6,3.95,8,168.75,2.95,281.25,4.91,
CcalT1M2,L. californica,cal,C,1,2,7,4.8,8,168.75,2.95,281.25,4.91,
CcalT1M2,L. californica,cal,C,1,2,8,7.3,7,146.25,2.55,303.75,5.3,
CcalT1M2,L. californica,cal,C,1,2,9,4.25,6,123.75,2.16,326.25,5.69,
CcalT1M2,L. californica,cal,C,1,2,10,5.1,5,101.25,1.77,168.75,2.95,
CcalT1M2,L. californica,cal,C,1,2,11,4.3,5,101.25,1.77,168.75,2.95,
CcalT1M2,L. californica,cal,C,1,2,12,4.15,5,101.25,1.77,168.75,2.95,
CcalT1M2,L. californica,cal,C,1,2,13,4.15,4,78.75,1.37,11.25,0.2,
CcalT1M2,L. californica,cal,C,1,2,14,6.2,4,78.75,1.37,11.25,0.2,
CcalT1M2,L. californica,cal,C,1,2,15,7.4,4,78.75,1.37,11.25,0.2,
CcalT1M2,L. californica,cal,C,1,2,16,7.2,3,56.25,0.98,33.75,0.59,
CcalT1M2,L. californica,cal,C,1,2,17,6.8,3,56.25,0.98,33.75,0.59,
CcalT1M2,L. californica,cal,C,1,2,18,8.3,1,11.25,0.2,78.75,1.37,
CcalT1M2,L. californica,cal,C,1,2,19,9.65,1,11.25,0.2,78.75,1.37,
CcalT1M3,L. californica,cal,C,1,3,1,3.4,14,303.75,5.3,146.25,2.55,
CcalT1M3,L. californica,cal,C,1,3,2,1.6,4,78.75,1.37,11.25,0.2,
CcalT1M3,L. californica,cal,C,1,3,3,8.25,2,33.75,0.59,56.25,0.98,
CcalT1M3,L. californica,cal,C,1,3,4,4.05,1,11.25,0.2,78.75,1.37,
CcalT1M3,L. californica,cal,C,1,3,5,4,16,348.75,6.09,101.25,1.77,
CcalT1M3,L. californica,cal,C,1,3,6,4.6,15,326.25,5.69,123.75,2.16,
CcalT1M3,L. californica,cal,C,1,3,7,5.7,16,348.75,6.09,101.25,1.77,
CcalT1M3,L. californica,cal,C,1,3,8,5.9,1,11.25,0.2,78.75,1.37,
CcalT1M3,L. californica,cal,C,1,3,9,6.6,16,348.75,6.09,101.25,1.77,
CcalT1M3,L. californica,cal,C,1,3,10,10,16,348.75,6.09,101.25,1.77,
CcalT2M1,L. californica,cal,C,2,1,1,7.6,1,11.25,0.2,78.75,1.37,
CcalT2M1,L. californica,cal,C,2,1,2,11.9,16,348.75,6.09,101.25,1.77,
CcalT2M1,L. californica,cal,C,2,1,3,9.25,1,11.25,0.2,78.75,1.37,
CcalT2M1,L. californica,cal,C,2,1,4,10.2,2,33.75,0.59,56.25,0.98,
CcalT2M1,L. californica,cal,C,2,1,5,11.35,2,33.75,0.59,56.25,0.98,
CcalT2M1,L. californica,cal,C,2,1,6,10.65,2,33.75,0.59,56.25,0.98,
CcalT2M1,L. californica,cal,C,2,1,7,11.45,3,56.25,0.98,33.75,0.59,
CcalT2M1,L. californica,cal,C,2,1,8,5.5,3,56.25,0.98,33.75,0.59,
CcalT2M1,L. californica,cal,C,2,1,9,9.1,3,56.25,0.98,33.75,0.59,
CcalT2M1,L. californica,cal,C,2,1,10,8.5,3,56.25,0.98,33.75,0.59,
CcalT2M1,L. californica,cal,C,2,1,11,8.9,3,56.25,0.98,33.75,0.59,
CcalT2M1,L. californica,cal,C,2,1,12,9,3,56.25,0.98,33.75,0.59,
CcalT2M1,L. californica,cal,C,2,1,13,9.25,3,56.25,0.98,33.75,0.59,
CcalT2M1,L. californica,cal,C,2,1,14,11.75,3,56.25,0.98,33.75,0.59,
CcalT2M1,L. californica,cal,C,2,1,15,12.1,3,56.25,0.98,33.75,0.59,
CcalT2M1,L. californica,cal,C,2,1,16,12.05,3,56.25,0.98,33.75,0.59,
CcalT2M1,L. californica,cal,C,2,1,17,13.8,3,56.25,0.98,33.75,0.59,
CcalT2M1,L. californica,cal,C,2,1,18,15.1,3,56.25,0.98,33.75,0.59,
CcalT2M1,L. californica,cal,C,2,1,19,10,5,101.25,1.77,168.75,2.95,
CcalT2M1,L. californica,cal,C,2,1,20,9.6,4,78.75,1.37,11.25,0.2,
CcalT2M1,L. californica,cal,C,2,1,21,9.45,4,78.75,1.37,11.25,0.2,
CcalT2M1,L. californica,cal,C,2,1,22,9.95,4,78.75,1.37,11.25,0.2,
CcalT2M1,L. californica,cal,C,2,1,23,10.15,5,101.25,1.77,168.75,2.95,
CcalT2M1,L. californica,cal,C,2,1,24,9.8,4,78.75,1.37,11.25,0.2,
CcalT2M2,L. californica,cal,C,2,2,NA,NA,NA,NA,NA,NA,NA,NA
CcalT2M3,L. californica,cal,C,2,3,NA,NA,NA,NA,NA,NA,NA,NA
CfreT1M1,L. fremontii,fre,C,1,1,1,0.7,4,78.75,1.37,11.25,0.2,
CfreT1M1,L. fremontii,fre,C,1,1,2,1.2,4,78.75,1.37,11.25,0.2,
CfreT1M1,L. fremontii,fre,C,1,1,3,1.9,4,78.75,1.37,11.25,0.2,
CfreT1M1,L. fremontii,fre,C,1,1,4,4.6,3,56.25,0.98,33.75,0.59,
CfreT1M1,L. fremontii,fre,C,1,1,5,6,7,146.25,2.55,303.75,5.3,
CfreT1M1,L. fremontii,fre,C,1,1,6,3.7,16,348.75,6.09,101.25,1.77,
CfreT1M1,L. fremontii,fre,C,1,1,7,5.5,15,326.25,5.69,123.75,2.16,
CfreT1M1,L. fremontii,fre,C,1,1,8,3.8,13,281.25,4.91,168.75,2.95,
CfreT1M1,L. fremontii,fre,C,1,1,9,3.2,13,281.25,4.91,168.75,2.95,
CfreT1M1,L. fremontii,fre,C,1,1,10,5.8,14,303.75,5.3,146.25,2.55,
CfreT1M1,L. fremontii,fre,C,1,1,11,6.7,1,11.25,0.2,78.75,1.37,
CfreT1M1,L. fremontii,fre,C,1,1,12,5.45,11,236.25,4.12,213.75,3.73,
CfreT1M1,L. fremontii,fre,C,1,1,13,5.4,11,236.25,4.12,213.75,3.73,
CfreT1M1,L. fremontii,fre,C,1,1,14,7,12,258.75,4.52,191.25,3.34,
CfreT1M1,L. fremontii,fre,C,1,1,15,14.9,3,56.25,0.98,33.75,0.59,
CfreT1M1,L. fremontii,fre,C,1,1,16,13.3,3,56.25,0.98,33.75,0.59,
CfreT1M1,L. fremontii,fre,C,1,1,17,10.6,5,101.25,1.77,168.75,2.95,
CfreT1M1,L. fremontii,fre,C,1,1,18,10.2,1,11.25,0.2,78.75,1.37,
CfreT1M1,L. fremontii,fre,C,1,1,19,9.8,2,33.75,0.59,56.25,0.98,
CfreT1M1,L. fremontii,fre,C,1,1,20,8.7,2,33.75,0.59,56.25,0.98,
CfreT1M1,L. fremontii,fre,C,1,1,21,7.4,2,33.75,0.59,56.25,0.98,
CfreT1M1,L. fremontii,fre,C,1,1,22,7.95,2,33.75,0.59,56.25,0.98,
CfreT1M1,L. fremontii,fre,C,1,1,23,8,2,33.75,0.59,56.25,0.98,
CfreT1M1,L. fremontii,fre,C,1,1,24,7.8,2,33.75,0.59,56.25,0.98,
CfreT1M1,L. fremontii,fre,C,1,1,25,7.45,2,33.75,0.59,56.25,0.98,
CfreT1M1,L. fremontii,fre,C,1,1,26,3.2,9,191.25,3.34,258.75,4.52,
CfreT1M1,L. fremontii,fre,C,1,1,27,5.3,10,213.75,3.73,236.25,4.12,
CfreT1M1,L. fremontii,fre,C,1,1,28,4.8,10,213.75,3.73,236.25,4.12,
CfreT1M1,L. fremontii,fre,C,1,1,29,5.2,10,213.75,3.73,236.25,4.12,
CfreT1M1,L. fremontii,fre,C,1,1,30,2.4,8,168.75,2.95,281.25,4.91,
CfreT1M1,L. fremontii,fre,C,1,1,31,3.6,8,168.75,2.95,281.25,4.91,
CfreT1M1,L. fremontii,fre,C,1,1,32,2.9,8,168.75,2.95,281.25,4.91,
CfreT1M1,L. fremontii,fre,C,1,1,33,3.6,8,168.75,2.95,281.25,4.91,
CfreT1M1,L. fremontii,fre,C,1,1,34,4.4,9,191.25,3.34,258.75,4.52,
CfreT1M1,L. fremontii,fre,C,1,1,35,5.8,8,168.75,2.95,281.25,4.91,
CfreT1M1,L. fremontii,fre,C,1,1,36,6.5,8,168.75,2.95,281.25,4.91,
CfreT1M1,L. fremontii,fre,C,1,1,37,6.2,8,168.75,2.95,281.25,4.91,
CfreT1M1,L. fremontii,fre,C,1,1,38,7.7,7,146.25,2.55,303.75,5.3,
CfreT1M1,L. fremontii,fre,C,1,1,39,8.4,7,146.25,2.55,303.75,5.3,
CfreT1M1,L. fremontii,fre,C,1,1,40,7.9,7,146.25,2.55,303.75,5.3,
CfreT1M1,L. fremontii,fre,C,1,1,41,9.85,6,123.75,2.16,326.25,5.69,
CfreT1M1,L. fremontii,fre,C,1,1,42,8.1,6,123.75,2.16,326.25,5.69,
CfreT1M2,L. fremontii,fre,C,1,2,NA,NA,NA,NA,NA,NA,NA,NA
CfreT1M3,L. fremontii,fre,C,1,3,NA,NA,NA,NA,NA,NA,NA,NA
CfreT2M1,L. fremontii,fre,C,2,1,NA,NA,NA,NA,NA,NA,NA,NA
CfreT2M2,L. fremontii,fre,C,2,2,1,6.65,7,146.25,2.55,303.75,5.3,
CfreT2M2,L. fremontii,fre,C,2,2,2,8.8,7,146.25,2.55,303.75,5.3,
CfreT2M2,L. fremontii,fre,C,2,2,3,6.55,6,123.75,2.16,326.25,5.69,
CfreT2M2,L. fremontii,fre,C,2,2,4,7,6,123.75,2.16,326.25,5.69,
CfreT2M2,L. fremontii,fre,C,2,2,5,8.3,7,146.25,2.55,303.75,5.3,
CfreT2M2,L. fremontii,fre,C,2,2,6,9.9,7,146.25,2.55,303.75,5.3,
CfreT2M2,L. fremontii,fre,C,2,2,7,8.55,6,123.75,2.16,326.25,5.69,
CfreT2M2,L. fremontii,fre,C,2,2,8,11.4,6,123.75,2.16,326.25,5.69,
CfreT2M2,L. fremontii,fre,C,2,2,9,17.05,6,123.75,2.16,326.25,5.69,
CfreT2M3,L. fremontii,fre,C,2,3,1,1.65,12,258.75,4.52,191.25,3.34,
CfreT2M3,L. fremontii,fre,C,2,3,2,1.45,13,281.25,4.91,168.75,2.95,
CfreT2M3,L. fremontii,fre,C,2,3,3,1.5,1,11.25,0.2,78.75,1.37,
CfreT2M3,L. fremontii,fre,C,2,3,4,1.5,4,78.75,1.37,11.25,0.2,
CfreT2M3,L. fremontii,fre,C,2,3,5,1.9,4,78.75,1.37,11.25,0.2,
CfreT2M3,L. fremontii,fre,C,2,3,6,1.75,4,78.75,1.37,11.25,0.2,
CfreT2M3,L. fremontii,fre,C,2,3,7,3.5,3,56.25,0.98,33.75,0.59,
CfreT2M3,L. fremontii,fre,C,2,3,8,6.4,3,56.25,0.98,33.75,0.59,
CfreT2M3,L. fremontii,fre,C,2,3,9,6.25,6,123.75,2.16,326.25,5.69,
CfreT2M3,L. fremontii,fre,C,2,3,10,14.4,4,78.75,1.37,11.25,0.2,
CfreT2M3,L. fremontii,fre,C,2,3,11,13.6,1,11.25,0.2,78.75,1.37,
CglaT1M1,L. glaberrima,gla,C,1,1,1,14.8,3,56.25,0.98,33.75,0.59,
CglaT1M1,L. glaberrima,gla,C,1,1,2,14.8,2,33.75,0.59,56.25,0.98,
CglaT1M1,L. glaberrima,gla,C,1,1,3,16.85,2,33.75,0.59,56.25,0.98,
CglaT1M2,L. glaberrima,gla,C,1,2,1,7.75,5,101.25,1.77,168.75,2.95,
CglaT1M2,L. glaberrima,gla,C,1,2,2,6.6,6,123.75,2.16,326.25,5.69,
CglaT1M3,L. glaberrima,gla,C,1,3,NA,NA,NA,NA,NA,NA,NA,NA
CglaT2M1,L. glaberrima,gla,C,2,1,NA,NA,NA,NA,NA,NA,NA,NA
CglaT2M2,L. glaberrima,gla,C,2,2,1,24.1,4,78.75,1.37,11.25,0.2,
CglaT2M2,L. glaberrima,gla,C,2,2,2,25.6,4,78.75,1.37,11.25,0.2,
CglaT2M2,L. glaberrima,gla,C,2,2,3,25.7,4,78.75,1.37,11.25,0.2,
CglaT2M2,L. glaberrima,gla,C,2,2,4,24.8,4,78.75,1.37,11.25,0.2,
CglaT2M2,L. glaberrima,gla,C,2,2,5,25.3,4,78.75,1.37,11.25,0.2,
CglaT2M3,L. glaberrima,gla,C,2,3,NA,NA,NA,NA,NA,NA,NA,NA
DcalT1M1,L. californica,cal,D,1,1,NA,NA,NA,NA,NA,NA,NA,NA
DcalT1M2,L. californica,cal,D,1,2,1,1,15,326.25,5.69,123.75,2.16,
DcalT1M2,L. californica,cal,D,1,2,2,1.35,16,348.75,6.09,101.25,1.77,
DcalT1M2,L. californica,cal,D,1,2,3,2.7,16,348.75,6.09,101.25,1.77,
DcalT1M2,L. californica,cal,D,1,2,4,5.05,16,348.75,6.09,101.25,1.77,
DcalT1M2,L. californica,cal,D,1,2,5,1.35,4,78.75,1.37,11.25,0.2,
DcalT1M2,L. californica,cal,D,1,2,6,2.2,5,101.25,1.77,168.75,2.95,
DcalT1M2,L. californica,cal,D,1,2,7,2.4,5,101.25,1.77,168.75,2.95,
DcalT1M2,L. californica,cal,D,1,2,8,3.2,6,123.75,2.16,326.25,5.69,
DcalT1M2,L. californica,cal,D,1,2,9,2.7,6,123.75,2.16,326.25,5.69,
DcalT1M2,L. californica,cal,D,1,2,10,4.05,6,123.75,2.16,326.25,5.69,
DcalT1M2,L. californica,cal,D,1,2,11,4.5,6,123.75,2.16,326.25,5.69,
DcalT1M2,L. californica,cal,D,1,2,12,5.65,6,123.75,2.16,326.25,5.69,
DcalT1M2,L. californica,cal,D,1,2,13,7.5,5,101.25,1.77,168.75,2.95,
DcalT1M2,L. californica,cal,D,1,2,14,4.1,5,101.25,1.77,168.75,2.95,
DcalT1M2,L. californica,cal,D,1,2,15,4.55,5,101.25,1.77,168.75,2.95,
DcalT1M2,L. californica,cal,D,1,2,16,3.3,5,101.25,1.77,168.75,2.95,
DcalT1M2,L. californica,cal,D,1,2,17,4.7,5,101.25,1.77,168.75,2.95,
DcalT1M2,L. californica,cal,D,1,2,18,6.4,6,123.75,2.16,326.25,5.69,
DcalT1M2,L. californica,cal,D,1,2,19,3.1,4,78.75,1.37,11.25,0.2,
DcalT1M2,L. californica,cal,D,1,2,20,4,4,78.75,1.37,11.25,0.2,
DcalT1M2,L. californica,cal,D,1,2,21,5.25,4,78.75,1.37,11.25,0.2,
DcalT1M2,L. californica,cal,D,1,2,22,5.4,3,56.25,0.98,33.75,0.59,
DcalT1M2,L. californica,cal,D,1,2,23,8.5,4,78.75,1.37,11.25,0.2,
DcalT1M2,L. californica,cal,D,1,2,24,5.8,3,56.25,0.98,33.75,0.59,
DcalT1M2,L. californica,cal,D,1,2,25,8.6,2,33.75,0.59,56.25,0.98,
DcalT1M3,L. californica,cal,D,1,3,NA,NA,NA,NA,NA,NA,NA,NA
DcalT2M1,L. californica,cal,D,2,1,1,2.95,10,213.75,3.73,236.25,4.12,
DcalT2M1,L. californica,cal,D,2,1,2,4.9,7,146.25,2.55,303.75,5.3,
DcalT2M1,L. californica,cal,D,2,1,3,8.15,15,326.25,5.69,123.75,2.16,
DcalT2M1,L. californica,cal,D,2,1,4,3.75,6,123.75,2.16,326.25,5.69,clump
DcalT2M1,L. californica,cal,D,2,1,5,4.25,6,123.75,2.16,326.25,5.69,clump
DcalT2M1,L. californica,cal,D,2,1,6,4.05,6,123.75,2.16,326.25,5.69,clump
DcalT2M1,L. californica,cal,D,2,1,7,8.1,2,33.75,0.59,56.25,0.98,
DcalT2M1,L. californica,cal,D,2,1,8,11.15,2,33.75,0.59,56.25,0.98,
DcalT2M1,L. californica,cal,D,2,1,9,8.8,2,33.75,0.59,56.25,0.98,
DcalT2M1,L. californica,cal,D,2,1,10,13.8,3,56.25,0.98,33.75,0.59,
DcalT2M2,L. californica,cal,D,2,2,1,4.3,4,78.75,1.37,11.25,0.2,
DcalT2M2,L. californica,cal,D,2,2,2,5.9,4,78.75,1.37,11.25,0.2,
DcalT2M2,L. californica,cal,D,2,2,3,6.2,4,78.75,1.37,11.25,0.2,
DcalT2M2,L. californica,cal,D,2,2,4,6.8,3,56.25,0.98,33.75,0.59,
DcalT2M2,L. californica,cal,D,2,2,5,6.8,3,56.25,0.98,33.75,0.59,
DcalT2M2,L. californica,cal,D,2,2,6,5.4,3,56.25,0.98,33.75,0.59,
DcalT2M2,L. californica,cal,D,2,2,7,7,3,56.25,0.98,33.75,0.59,
DcalT2M2,L. californica,cal,D,2,2,8,7.5,3,56.25,0.98,33.75,0.59,
DcalT2M2,L. californica,cal,D,2,2,9,7.8,3,56.25,0.98,33.75,0.59,
DcalT2M2,L. californica,cal,D,2,2,10,7.4,3,56.25,0.98,33.75,0.59,
DcalT2M2,L. californica,cal,D,2,2,11,7.5,4,78.75,1.37,11.25,0.2,
DcalT2M2,L. californica,cal,D,2,2,12,7,4,78.75,1.37,11.25,0.2,
DcalT2M2,L. californica,cal,D,2,2,13,12.4,5,101.25,1.77,168.75,2.95,
DcalT2M2,L. californica,cal,D,2,2,14,9.4,4,78.75,1.37,11.25,0.2,
DcalT2M2,L. californica,cal,D,2,2,15,8.9,4,78.75,1.37,11.25,0.2,
DcalT2M2,L. californica,cal,D,2,2,16,7.4,4,78.75,1.37,11.25,0.2,
DcalT2M2,L. californica,cal,D,2,2,17,8.05,4,78.75,1.37,11.25,0.2,
DcalT2M2,L. californica,cal,D,2,2,18,8.2,3,56.25,0.98,33.75,0.59,
DcalT2M2,L. californica,cal,D,2,2,19,10.9,3,56.25,0.98,33.75,0.59,
DcalT2M2,L. californica,cal,D,2,2,20,12.2,3,56.25,0.98,33.75,0.59,
DcalT2M2,L. californica,cal,D,2,2,21,10.5,2,33.75,0.59,56.25,0.98,
DcalT2M2,L. californica,cal,D,2,2,22,10,2,33.75,0.59,56.25,0.98,
DcalT2M2,L. californica,cal,D,2,2,23,10.6,2,33.75,0.59,56.25,0.98,
DcalT2M2,L. californica,cal,D,2,2,24,10.5,2,33.75,0.59,56.25,0.98,
DcalT2M2,L. californica,cal,D,2,2,25,12.9,3,56.25,0.98,33.75,0.59,
DcalT2M2,L. californica,cal,D,2,2,26,13.2,2,33.75,0.59,56.25,0.98,
DcalT2M3,L. californica,cal,D,2,3,1,1.2,15,326.25,5.69,123.75,2.16,
DcalT2M3,L. californica,cal,D,2,3,2,4.1,3,56.25,0.98,33.75,0.59,
DcalT2M3,L. californica,cal,D,2,3,3,3.9,1,11.25,0.2,78.75,1.37,
DcalT2M3,L. californica,cal,D,2,3,4,3.1,1,11.25,0.2,78.75,1.37,
DcalT2M3,L. californica,cal,D,2,3,5,5.95,1,11.25,0.2,78.75,1.37,
DcalT2M3,L. californica,cal,D,2,3,6,7.5,1,11.25,0.2,78.75,1.37,
DcalT2M3,L. californica,cal,D,2,3,7,2.6,13,281.25,4.91,168.75,2.95,
DcalT2M3,L. californica,cal,D,2,3,8,2.15,12,258.75,4.52,191.25,3.34,
DfreT1M1,L. fremontii,fre,D,1,1,1,4.05,2,33.75,0.59,56.25,0.98,
DfreT1M1,L. fremontii,fre,D,1,1,2,7.5,3,56.25,0.98,33.75,0.59,
DfreT1M1,L. fremontii,fre,D,1,1,3,8.55,3,56.25,0.98,33.75,0.59,
DfreT1M1,L. fremontii,fre,D,1,1,4,7.2,4,78.75,1.37,11.25,0.2,
DfreT1M1,L. fremontii,fre,D,1,1,5,8.55,4,78.75,1.37,11.25,0.2,
DfreT1M1,L. fremontii,fre,D,1,1,6,7.75,4,78.75,1.37,11.25,0.2,
DfreT1M1,L. fremontii,fre,D,1,1,7,5.8,4,78.75,1.37,11.25,0.2,
DfreT1M1,L. fremontii,fre,D,1,1,8,3.8,5,101.25,1.77,168.75,2.95,
DfreT1M1,L. fremontii,fre,D,1,1,9,12.35,4,78.75,1.37,11.25,0.2,
DfreT1M1,L. fremontii,fre,D,1,1,10,8,4,78.75,1.37,11.25,0.2,
DfreT1M1,L. fremontii,fre,D,1,1,11,13.6,4,78.75,1.37,11.25,0.2,
DfreT1M1,L. fremontii,fre,D,1,1,12,7.75,5,101.25,1.77,168.75,2.95,
DfreT1M1,L. fremontii,fre,D,1,1,13,9.3,5,101.25,1.77,168.75,2.95,
DfreT1M1,L. fremontii,fre,D,1,1,14,8.6,5,101.25,1.77,168.75,2.95,
DfreT1M1,L. fremontii,fre,D,1,1,15,9.3,5,101.25,1.77,168.75,2.95,
DfreT1M1,L. fremontii,fre,D,1,1,16,11.35,5,101.25,1.77,168.75,2.95,
DfreT1M2,L. fremontii,fre,D,1,2,1,4.1,4,78.75,1.37,11.25,0.2,
DfreT1M2,L. fremontii,fre,D,1,2,2,4,5,101.25,1.77,168.75,2.95,
DfreT1M2,L. fremontii,fre,D,1,2,3,10.75,7,146.25,2.55,303.75,5.3,
DfreT1M2,L. fremontii,fre,D,1,2,4,10.55,7,146.25,2.55,303.75,5.3,
DfreT1M2,L. fremontii,fre,D,1,2,5,9.85,6,123.75,2.16,326.25,5.69,
DfreT1M2,L. fremontii,fre,D,1,2,6,12.35,7,146.25,2.55,303.75,5.3,
DfreT1M2,L. fremontii,fre,D,1,2,7,7.35,6,123.75,2.16,326.25,5.69,
DfreT1M2,L. fremontii,fre,D,1,2,8,9.35,6,123.75,2.16,326.25,5.69,
DfreT1M2,L. fremontii,fre,D,1,2,9,7.3,5,101.25,1.77,168.75,2.95,
DfreT1M2,L. fremontii,fre,D,1,2,10,9.25,5,101.25,1.77,168.75,2.95,
DfreT1M2,L. fremontii,fre,D,1,2,11,9.25,5,101.25,1.77,168.75,2.95,
DfreT1M2,L. fremontii,fre,D,1,2,12,10.05,6,123.75,2.16,326.25,5.69,
DfreT1M2,L. fremontii,fre,D,1,2,13,10.75,6,123.75,2.16,326.25,5.69,
DfreT1M2,L. fremontii,fre,D,1,2,14,12.2,6,123.75,2.16,326.25,5.69,
DfreT1M2,L. fremontii,fre,D,1,2,15,11.5,5,101.25,1.77,168.75,2.95,
DfreT1M2,L. fremontii,fre,D,1,2,16,15.1,5,101.25,1.77,168.75,2.95,
DfreT1M2,L. fremontii,fre,D,1,2,17,13.1,5,101.25,1.77,168.75,2.95,
DfreT1M2,L. fremontii,fre,D,1,2,18,13.8,5,101.25,1.77,168.75,2.95,
DfreT1M2,L. fremontii,fre,D,1,2,19,13.9,5,101.25,1.77,168.75,2.95,
DfreT1M2,L. fremontii,fre,D,1,2,20,10.65,4,78.75,1.37,11.25,0.2,
DfreT1M2,L. fremontii,fre,D,1,2,21,16.1,5,101.25,1.77,168.75,2.95,
DfreT1M3,L. fremontii,fre,D,1,3,NA,NA,NA,NA,NA,NA,NA,NA
DfreT2M1,L. fremontii,fre,D,2,1,NA,NA,NA,NA,NA,NA,NA,NA
DfreT2M2,L. fremontii,fre,D,2,2,NA,NA,NA,NA,NA,NA,NA,NA
DfreT2M3,L. fremontii,fre,D,2,3,NA,NA,NA,NA,NA,NA,NA,NA
DglaT1M1,L. glaberrima,gla,D,1,1,NA,NA,NA,NA,NA,NA,NA,NA
DglaT1M2,L. glaberrima,gla,D,1,2,1,0.3,13,281.25,4.91,168.75,2.95,
DglaT1M2,L. glaberrima,gla,D,1,2,2,10,5,101.25,1.77,168.75,2.95,
DglaT1M2,L. glaberrima,gla,D,1,2,3,8.35,4,78.75,1.37,11.25,0.2,
DglaT1M2,L. glaberrima,gla,D,1,2,4,8.7,4,78.75,1.37,11.25,0.2,
DglaT1M2,L. glaberrima,gla,D,1,2,5,11.75,3,56.25,0.98,33.75,0.59,
DglaT1M2,L. glaberrima,gla,D,1,2,6,15.4,5,101.25,1.77,168.75,2.95,
DglaT1M2,L. glaberrima,gla,D,1,2,7,16.9,5,101.25,1.77,168.75,2.95,
DglaT1M2,L. glaberrima,gla,D,1,2,8,15.75,4,78.75,1.37,11.25,0.2,
DglaT1M2,L. glaberrima,gla,D,1,2,9,15.6,5,101.25,1.77,168.75,2.95,
DglaT1M3,L. glaberrima,gla,D,1,3,NA,NA,NA,NA,NA,NA,NA,NA
DglaT2M1,L. glaberrima,gla,D,2,1,NA,NA,NA,NA,NA,NA,NA,NA
DglaT2M2,L. glaberrima,gla,D,2,2,1,6.15,7,146.25,2.55,303.75,5.3,
DglaT2M2,L. glaberrima,gla,D,2,2,2,11.45,8,168.75,2.95,281.25,4.91,
DglaT2M2,L. glaberrima,gla,D,2,2,3,12.55,8,168.75,2.95,281.25,4.91,
DglaT2M2,L. glaberrima,gla,D,2,2,4,10,8,168.75,2.95,281.25,4.91,
DglaT2M2,L. glaberrima,gla,D,2,2,5,9.35,8,168.75,2.95,281.25,4.91,
DglaT2M2,L. glaberrima,gla,D,2,2,6,9.8,9,191.25,3.34,258.75,4.52,
DglaT2M2,L. glaberrima,gla,D,2,2,7,10.2,9,191.25,3.34,258.75,4.52,
DglaT2M2,L. glaberrima,gla,D,2,2,8,10.6,9,191.25,3.34,258.75,4.52,
DglaT2M2,L. glaberrima,gla,D,2,2,9,10.15,9,191.25,3.34,258.75,4.52,
DglaT2M2,L. glaberrima,gla,D,2,2,10,9.85,9,191.25,3.34,258.75,4.52,
DglaT2M2,L. glaberrima,gla,D,2,2,11,6,9,191.25,3.34,258.75,4.52,
DglaT2M2,L. glaberrima,gla,D,2,2,12,10.15,9,191.25,3.34,258.75,4.52,
DglaT2M2,L. glaberrima,gla,D,2,2,13,11.95,9,191.25,3.34,258.75,4.52,
DglaT2M2,L. glaberrima,gla,D,2,2,14,12.3,9,191.25,3.34,258.75,4.52,
DglaT2M2,L. glaberrima,gla,D,2,2,15,12.6,9,191.25,3.34,258.75,4.52,
DglaT2M2,L. glaberrima,gla,D,2,2,16,13.55,8,168.75,2.95,281.25,4.91,
DglaT2M2,L. glaberrima,gla,D,2,2,17,14.85,8,168.75,2.95,281.25,4.91,
DglaT2M3,L. glaberrima,gla,D,2,3,NA,NA,NA,NA,NA,NA,NA,NA
EcalT1M1,L. californica,cal,E,1,1,1,6.8,9,191.25,3.34,258.75,4.52,
EcalT1M2,L. californica,cal,E,1,2,1,4.95,9,191.25,3.34,258.75,4.52,
EcalT1M2,L. californica,cal,E,1,2,2,4.8,8,168.75,2.95,281.25,4.91,
EcalT1M2,L. californica,cal,E,1,2,3,5.3,7,146.25,2.55,303.75,5.3,
EcalT1M2,L. californica,cal,E,1,2,4,5.6,7,146.25,2.55,303.75,5.3,
EcalT1M3,L. californica,cal,E,1,3,NA,NA,NA,NA,NA,NA,NA,NA
EcalT2M1,L. californica,cal,E,2,1,1,3.9,6,123.75,2.16,326.25,5.69,
EcalT2M1,L. californica,cal,E,2,1,2,4.75,6,123.75,2.16,326.25,5.69,
EcalT2M1,L. californica,cal,E,2,1,3,11.15,6,123.75,2.16,326.25,5.69,
EcalT2M1,L. californica,cal,E,2,1,4,4.25,7,146.25,2.55,303.75,5.3,
EcalT2M1,L. californica,cal,E,2,1,5,5.75,8,168.75,2.95,281.25,4.91,
EcalT2M2,L. californica,cal,E,2,2,NA,NA,NA,NA,NA,NA,NA,NA
EcalT2M3,L. californica,cal,E,2,3,1,2.1,13,281.25,4.91,168.75,2.95,
EcalT2M3,L. californica,cal,E,2,3,2,4.6,13,281.25,4.91,168.75,2.95,
EcalT2M3,L. californica,cal,E,2,3,3,4.15,14,303.75,5.3,146.25,2.55,
EcalT2M3,L. californica,cal,E,2,3,4,4.5,14,303.75,5.3,146.25,2.55,
EcalT2M3,L. californica,cal,E,2,3,5,3.9,14,303.75,5.3,146.25,2.55,
EcalT2M3,L. californica,cal,E,2,3,6,3.4,15,326.25,5.69,123.75,2.16,
EcalT2M3,L. californica,cal,E,2,3,7,4.25,15,326.25,5.69,123.75,2.16,
EfreT1M1,L. fremontii,fre,E,1,1,NA,NA,NA,NA,NA,NA,NA,NA
EfreT1M2,L. fremontii,fre,E,1,2,1,11.4,11,236.25,4.12,213.75,3.73,clump
EfreT1M2,L. fremontii,fre,E,1,2,2,11.8,11,236.25,4.12,213.75,3.73,clump
EfreT1M2,L. fremontii,fre,E,1,2,3,11.45,11,236.25,4.12,213.75,3.73,clump
EfreT1M2,L. fremontii,fre,E,1,2,4,12.15,11,236.25,4.12,213.75,3.73,clump
EfreT1M2,L. fremontii,fre,E,1,2,5,11.65,11,236.25,4.12,213.75,3.73,clump
EfreT1M2,L. fremontii,fre,E,1,2,6,8.9,11,236.25,4.12,213.75,3.73,
EfreT1M2,L. fremontii,fre,E,1,2,7,10.2,12,258.75,4.52,191.25,3.34,
EfreT1M3,L. fremontii,fre,E,1,3,1,17.9,2,33.75,0.59,56.25,0.98,
EfreT1M3,L. fremontii,fre,E,1,3,2,12,1,11.25,0.2,78.75,1.37,
EfreT1M3,L. fremontii,fre,E,1,3,3,16.6,1,11.25,0.2,78.75,1.37,
EfreT1M3,L. fremontii,fre,E,1,3,4,14.9,16,348.75,6.09,101.25,1.77,
EfreT2M1,L. fremontii,fre,E,2,1,NA,NA,NA,NA,NA,NA,NA,NA
EfreT2M2,L. fremontii,fre,E,2,2,NA,NA,NA,NA,NA,NA,NA,NA
EfreT2M3,L. fremontii,fre,E,2,3,NA,NA,NA,NA,NA,NA,NA,NA
EglaT1M1,L. glaberrima,gla,E,1,1,1,1.5,10,213.75,3.73,236.25,4.12,
EglaT1M1,L. glaberrima,gla,E,1,1,2,1.6,7,146.25,2.55,303.75,5.3,
EglaT1M1,L. glaberrima,gla,E,1,1,3,2.75,15,326.25,5.69,123.75,2.16,
EglaT1M1,L. glaberrima,gla,E,1,1,4,5.85,16,348.75,6.09,101.25,1.77,
EglaT1M1,L. glaberrima,gla,E,1,1,5,6.8,1,11.25,0.2,78.75,1.37,
EglaT1M1,L. glaberrima,gla,E,1,1,6,12.3,5,101.25,1.77,168.75,2.95,
EglaT1M1,L. glaberrima,gla,E,1,1,7,6.3,5,101.25,1.77,168.75,2.95,
EglaT1M1,L. glaberrima,gla,E,1,1,8,7.5,2,33.75,0.59,56.25,0.98,
EglaT1M2,L. glaberrima,gla,E,1,2,NA,NA,NA,NA,NA,NA,NA,NA
EglaT1M3,L. glaberrima,gla,E,1,3,NA,NA,NA,NA,NA,NA,NA,NA
EglaT2M1,L. glaberrima,gla,E,2,1,NA,NA,NA,NA,NA,NA,NA,NA
EglaT2M2,L. glaberrima,gla,E,2,2,NA,NA,NA,NA,NA,NA,NA,NA
EglaT2M3,L. glaberrima,gla,E,2,3,1,2.7,6,123.75,2.16,326.25,5.69,
EglaT2M3,L. glaberrima,gla,E,2,3,2,5.6,5,101.25,1.77,168.75,2.95,
EglaT2M3,L. glaberrima,gla,E,2,3,3,3.8,4,78.75,1.37,11.25,0.2,
EglaT2M3,L. glaberrima,gla,E,2,3,4,5.3,4,78.75,1.37,11.25,0.2,
EglaT2M3,L. glaberrima,gla,E,2,3,5,5.8,3,56.25,0.98,33.75,0.59,
FcalT1M1,L. californica,cal,F,1,1,1,3.1,4,78.75,1.37,11.25,0.2,
FcalT1M1,L. californica,cal,F,1,1,2,8.3,2,33.75,0.59,56.25,0.98,
FcalT1M1,L. californica,cal,F,1,1,3,11.7,3,56.25,0.98,33.75,0.59,
FcalT1M1,L. californica,cal,F,1,1,4,9.25,4,78.75,1.37,11.25,0.2,
FcalT1M1,L. californica,cal,F,1,1,5,9.4,4,78.75,1.37,11.25,0.2,
FcalT1M2,L. californica,cal,F,1,2,1,0.6,5,101.25,1.77,168.75,2.95,
FcalT1M2,L. californica,cal,F,1,2,2,1.15,4,78.75,1.37,11.25,0.2,
FcalT1M2,L. californica,cal,F,1,2,3,1.25,3,56.25,0.98,33.75,0.59,
FcalT1M2,L. californica,cal,F,1,2,4,2.4,3,56.25,0.98,33.75,0.59,
FcalT1M2,L. californica,cal,F,1,2,5,2.55,4,78.75,1.37,11.25,0.2,
FcalT1M2,L. californica,cal,F,1,2,6,2.15,5,101.25,1.77,168.75,2.95,
FcalT1M2,L. californica,cal,F,1,2,7,1.95,5,101.25,1.77,168.75,2.95,
FcalT1M2,L. californica,cal,F,1,2,8,3.2,5,101.25,1.77,168.75,2.95,
FcalT1M2,L. californica,cal,F,1,2,9,3.25,5,101.25,1.77,168.75,2.95,
FcalT1M2,L. californica,cal,F,1,2,10,2.75,5,101.25,1.77,168.75,2.95,
FcalT1M2,L. californica,cal,F,1,2,11,9.8,6,123.75,2.16,326.25,5.69,
FcalT1M2,L. californica,cal,F,1,2,12,5.5,6,123.75,2.16,326.25,5.69,
FcalT1M2,L. californica,cal,F,1,2,13,6.1,6,123.75,2.16,326.25,5.69,
FcalT1M2,L. californica,cal,F,1,2,14,2.8,7,146.25,2.55,303.75,5.3,
FcalT1M2,L. californica,cal,F,1,2,15,5.2,10,213.75,3.73,236.25,4.12,
FcalT1M2,L. californica,cal,F,1,2,16,4.8,9,191.25,3.34,258.75,4.52,
FcalT1M2,L. californica,cal,F,1,2,17,2.5,9,191.25,3.34,258.75,4.52,
FcalT1M2,L. californica,cal,F,1,2,18,3.95,9,191.25,3.34,258.75,4.52,
FcalT1M2,L. californica,cal,F,1,2,19,2.85,9,191.25,3.34,258.75,4.52,
FcalT1M2,L. californica,cal,F,1,2,20,3.7,8,168.75,2.95,281.25,4.91,
FcalT1M3,L. californica,cal,F,1,3,1,3.95,14,303.75,5.3,146.25,2.55,
FcalT1M3,L. californica,cal,F,1,3,2,2.4,12,258.75,4.52,191.25,3.34,clump
FcalT1M3,L. californica,cal,F,1,3,3,2.6,12,258.75,4.52,191.25,3.34,clump
FcalT1M3,L. californica,cal,F,1,3,4,2.25,12,258.75,4.52,191.25,3.34,clump
FcalT1M3,L. californica,cal,F,1,3,5,5.2,11,236.25,4.12,213.75,3.73,
FcalT1M3,L. californica,cal,F,1,3,6,2.7,9,191.25,3.34,258.75,4.52,
FcalT1M3,L. californica,cal,F,1,3,7,3.3,8,168.75,2.95,281.25,4.91,
FcalT1M3,L. californica,cal,F,1,3,8,2.3,8,168.75,2.95,281.25,4.91,
FcalT1M3,L. californica,cal,F,1,3,9,7,5,101.25,1.77,168.75,2.95,
FcalT1M3,L. californica,cal,F,1,3,10,8.1,3,56.25,0.98,33.75,0.59,
FcalT2M1,L. californica,cal,F,2,1,NA,NA,NA,NA,NA,NA,NA,NA
FcalT2M2,L. californica,cal,F,2,2,NA,NA,NA,NA,NA,NA,NA,NA
FcalT2M3,L. californica,cal,F,2,3,NA,NA,NA,NA,NA,NA,NA,NA
FfreT1M1,L. fremontii,fre,F,1,1,NA,NA,NA,NA,NA,NA,NA,NA
FfreT1M2,L. fremontii,fre,F,1,2,NA,NA,NA,NA,NA,NA,NA,NA
FfreT1M3,L. fremontii,fre,F,1,3,1,3.1,10,213.75,3.73,236.25,4.12,
FfreT1M3,L. fremontii,fre,F,1,3,2,1.8,12,258.75,4.52,191.25,3.34,
FfreT1M3,L. fremontii,fre,F,1,3,3,3,13,281.25,4.91,168.75,2.95,
FfreT1M3,L. fremontii,fre,F,1,3,4,3.45,12,258.75,4.52,191.25,3.34,
FfreT1M3,L. fremontii,fre,F,1,3,5,5.5,13,281.25,4.91,168.75,2.95,
FfreT1M3,L. fremontii,fre,F,1,3,6,5.75,13,281.25,4.91,168.75,2.95,
FfreT1M3,L. fremontii,fre,F,1,3,7,8.75,13,281.25,4.91,168.75,2.95,
FfreT1M3,L. fremontii,fre,F,1,3,8,10.25,11,236.25,4.12,213.75,3.73,
FfreT1M3,L. fremontii,fre,F,1,3,9,6.3,15,326.25,5.69,123.75,2.16,
FfreT1M3,L. fremontii,fre,F,1,3,10,8,16,348.75,6.09,101.25,1.77,
FfreT1M3,L. fremontii,fre,F,1,3,11,11,10,213.75,3.73,236.25,4.12,
FfreT1M3,L. fremontii,fre,F,1,3,12,11.35,9,191.25,3.34,258.75,4.52,
FfreT1M3,L. fremontii,fre,F,1,3,13,5.75,8,168.75,2.95,281.25,4.91,
FfreT1M3,L. fremontii,fre,F,1,3,14,4.3,4,78.75,1.37,11.25,0.2,
FfreT1M3,L. fremontii,fre,F,1,3,15,7.05,4,78.75,1.37,11.25,0.2,
FfreT1M3,L. fremontii,fre,F,1,3,16,8.45,4,78.75,1.37,11.25,0.2,
FfreT1M3,L. fremontii,fre,F,1,3,17,8.3,4,78.75,1.37,11.25,0.2,
FfreT1M3,L. fremontii,fre,F,1,3,18,5.55,5,101.25,1.77,168.75,2.95,
FfreT1M3,L. fremontii,fre,F,1,3,19,6.5,7,146.25,2.55,303.75,5.3,
FfreT1M3,L. fremontii,fre,F,1,3,20,9,3,56.25,0.98,33.75,0.59,
FfreT1M3,L. fremontii,fre,F,1,3,21,9.8,4,78.75,1.37,11.25,0.2,
FfreT1M3,L. fremontii,fre,F,1,3,22,9.1,5,101.25,1.77,168.75,2.95,
FfreT1M3,L. fremontii,fre,F,1,3,23,13.95,4,78.75,1.37,11.25,0.2,
FfreT1M3,L. fremontii,fre,F,1,3,24,5.1,5,101.25,1.77,168.75,2.95,
FfreT1M3,L. fremontii,fre,F,1,3,25,13,8,168.75,2.95,281.25,4.91,
FfreT1M3,L. fremontii,fre,F,1,3,26,12,7,146.25,2.55,303.75,5.3,
FfreT1M3,L. fremontii,fre,F,1,3,27,11.9,6,123.75,2.16,326.25,5.69,
FfreT1M3,L. fremontii,fre,F,1,3,28,12.7,6,123.75,2.16,326.25,5.69,
FfreT1M3,L. fremontii,fre,F,1,3,29,12.8,6,123.75,2.16,326.25,5.69,
FfreT1M3,L. fremontii,fre,F,1,3,30,14.5,5,101.25,1.77,168.75,2.95,
FfreT1M3,L. fremontii,fre,F,1,3,31,15.05,5,101.25,1.77,168.75,2.95,
FfreT1M3,L. fremontii,fre,F,1,3,32,14.85,5,101.25,1.77,168.75,2.95,
FfreT1M3,L. fremontii,fre,F,1,3,33,15.85,5,101.25,1.77,168.75,2.95,
FfreT1M3,L. fremontii,fre,F,1,3,34,17.8,4,78.75,1.37,11.25,0.2,
FfreT1M3,L. fremontii,fre,F,1,3,35,18.4,4,78.75,1.37,11.25,0.2,
FfreT1M3,L. fremontii,fre,F,1,3,36,22.9,4,78.75,1.37,11.25,0.2,
FfreT1M3,L. fremontii,fre,F,1,3,37,14.55,3,56.25,0.98,33.75,0.59,
FfreT1M3,L. fremontii,fre,F,1,3,38,20.75,3,56.25,0.98,33.75,0.59,
FfreT1M3,L. fremontii,fre,F,1,3,39,29.85,3,56.25,0.98,33.75,0.59,
FfreT1M3,L. fremontii,fre,F,1,3,40,20.4,2,33.75,0.59,56.25,0.98,
FfreT1M3,L. fremontii,fre,F,1,3,41,18.05,2,33.75,0.59,56.25,0.98,
FfreT1M3,L. fremontii,fre,F,1,3,42,20.9,2,33.75,0.59,56.25,0.98,
FfreT1M3,L. fremontii,fre,F,1,3,43,18.25,2,33.75,0.59,56.25,0.98,
FfreT1M3,L. fremontii,fre,F,1,3,44,17.1,2,33.75,0.59,56.25,0.98,
FfreT1M3,L. fremontii,fre,F,1,3,45,18.8,1,11.25,0.2,78.75,1.37,
FfreT1M3,L. fremontii,fre,F,1,3,46,12.55,16,348.75,6.09,101.25,1.77,
FfreT2M1,L. fremontii,fre,F,2,1,NA,NA,NA,NA,NA,NA,NA,NA
FfreT2M2,L. fremontii,fre,F,2,2,NA,NA,NA,NA,NA,NA,NA,NA
FfreT2M3,L. fremontii,fre,F,2,3,NA,NA,NA,NA,NA,NA,NA,NA
FglaT1M1,L. glaberrima,gla,F,1,1,NA,NA,NA,NA,NA,NA,NA,NA
FglaT1M2,L. glaberrima,gla,F,1,2,NA,NA,NA,NA,NA,NA,NA,NA
FglaT1M3,L. glaberrima,gla,F,1,3,NA,NA,NA,NA,NA,NA,NA,NA
FglaT2M1,L. glaberrima,gla,F,2,1,NA,NA,NA,NA,NA,NA,NA,NA
FglaT2M2,L. glaberrima,gla,F,2,2,NA,NA,NA,NA,NA,NA,NA,NA
FglaT2M3,L. glaberrima,gla,F,2,3,NA,NA,NA,NA,NA,NA,NA,NA
GcalT1M1,L. californica,cal,G,1,1,NA,NA,NA,NA,NA,NA,NA,NA
GcalT1M2,L. californica,cal,G,1,2,NA,NA,NA,NA,NA,NA,NA,NA
GcalT1M3,L. californica,cal,G,1,3,1,8.9,4,78.75,1.37,11.25,0.2,
GcalT1M3,L. californica,cal,G,1,3,2,10,4,78.75,1.37,11.25,0.2,
GcalT1M3,L. californica,cal,G,1,3,3,9.05,4,78.75,1.37,11.25,0.2,
GcalT1M3,L. californica,cal,G,1,3,4,10.65,4,78.75,1.37,11.25,0.2,
GcalT1M3,L. californica,cal,G,1,3,5,9.15,4,78.75,1.37,11.25,0.2,
GcalT1M3,L. californica,cal,G,1,3,6,11,5,101.25,1.77,168.75,2.95,
GcalT1M3,L. californica,cal,G,1,3,7,11.3,4,78.75,1.37,11.25,0.2,
GcalT1M3,L. californica,cal,G,1,3,8,11.9,4,78.75,1.37,11.25,0.2,
GcalT1M3,L. californica,cal,G,1,3,9,11.9,3,56.25,0.98,33.75,0.59,
GcalT1M3,L. californica,cal,G,1,3,10,11.4,3,56.25,0.98,33.75,0.59,
GcalT1M3,L. californica,cal,G,1,3,11,12.9,3,56.25,0.98,33.75,0.59,
GcalT1M3,L. californica,cal,G,1,3,12,12.1,4,78.75,1.37,11.25,0.2,
GcalT1M3,L. californica,cal,G,1,3,13,13.9,4,78.75,1.37,11.25,0.2,
GcalT1M3,L. californica,cal,G,1,3,14,14.35,4,78.75,1.37,11.25,0.2,
GcalT1M3,L. californica,cal,G,1,3,15,14.85,4,78.75,1.37,11.25,0.2,
GcalT1M3,L. californica,cal,G,1,3,16,15.8,5,101.25,1.77,168.75,2.95,
GcalT1M3,L. californica,cal,G,1,3,17,16.15,5,101.25,1.77,168.75,2.95,
GcalT2M1,L. californica,cal,G,2,1,1,4.75,2,33.75,0.59,56.25,0.98,clump
GcalT2M1,L. californica,cal,G,2,1,2,5.3,2,33.75,0.59,56.25,0.98,clump
GcalT2M1,L. californica,cal,G,2,1,3,4.85,2,33.75,0.59,56.25,0.98,clump
GcalT2M1,L. californica,cal,G,2,1,4,5.2,2,33.75,0.59,56.25,0.98,clump
GcalT2M1,L. californica,cal,G,2,1,5,8,3,56.25,0.98,33.75,0.59,
GcalT2M1,L. californica,cal,G,2,1,6,9.1,3,56.25,0.98,33.75,0.59,
GcalT2M1,L. californica,cal,G,2,1,7,4.35,4,78.75,1.37,11.25,0.2,
GcalT2M1,L. californica,cal,G,2,1,8,4.8,4,78.75,1.37,11.25,0.2,
GcalT2M1,L. californica,cal,G,2,1,9,5.8,4,78.75,1.37,11.25,0.2,
GcalT2M1,L. californica,cal,G,2,1,10,4.9,5,101.25,1.77,168.75,2.95,
GcalT2M1,L. californica,cal,G,2,1,11,5.7,5,101.25,1.77,168.75,2.95,
GcalT2M1,L. californica,cal,G,2,1,12,7,4,78.75,1.37,11.25,0.2,
GcalT2M1,L. californica,cal,G,2,1,13,7.75,4,78.75,1.37,11.25,0.2,
GcalT2M1,L. californica,cal,G,2,1,14,10.7,4,78.75,1.37,11.25,0.2,
GcalT2M1,L. californica,cal,G,2,1,15,8.7,5,101.25,1.77,168.75,2.95,
GcalT2M1,L. californica,cal,G,2,1,16,9.05,5,101.25,1.77,168.75,2.95,
GcalT2M1,L. californica,cal,G,2,1,17,11.85,4,78.75,1.37,11.25,0.2,
GcalT2M1,L. californica,cal,G,2,1,18,13.55,4,78.75,1.37,11.25,0.2,
GcalT2M1,L. californica,cal,G,2,1,19,13.2,4,78.75,1.37,11.25,0.2,
GcalT2M1,L. californica,cal,G,2,1,20,14.8,4,78.75,1.37,11.25,0.2,
GcalT2M1,L. californica,cal,G,2,1,21,16.25,4,78.75,1.37,11.25,0.2,
GcalT2M1,L. californica,cal,G,2,1,22,12.8,4,78.75,1.37,11.25,0.2,
GcalT2M1,L. californica,cal,G,2,1,23,18.6,4,78.75,1.37,11.25,0.2,
GcalT2M1,L. californica,cal,G,2,1,24,13.5,5,101.25,1.77,168.75,2.95,
GcalT2M1,L. californica,cal,G,2,1,25,15.5,5,101.25,1.77,168.75,2.95,
GcalT2M1,L. californica,cal,G,2,1,26,13.3,5,101.25,1.77,168.75,2.95,
GcalT2M2,L. californica,cal,G,2,2,NA,NA,NA,NA,NA,NA,NA,NA
GcalT2M3,L. californica,cal,G,2,3,1,3.9,5,101.25,1.77,168.75,2.95,
GcalT2M3,L. californica,cal,G,2,3,2,5.65,5,101.25,1.77,168.75,2.95,
GcalT2M3,L. californica,cal,G,2,3,3,6.2,4,78.75,1.37,11.25,0.2,
GcalT2M3,L. californica,cal,G,2,3,4,8.7,4,78.75,1.37,11.25,0.2,
GcalT2M3,L. californica,cal,G,2,3,5,14.55,5,101.25,1.77,168.75,2.95,
GcalT2M3,L. californica,cal,G,2,3,6,7.7,2,33.75,0.59,56.25,0.98,
GcalT2M3,L. californica,cal,G,2,3,7,9.2,2,33.75,0.59,56.25,0.98,
GcalT2M3,L. californica,cal,G,2,3,8,10.25,2,33.75,0.59,56.25,0.98,
GcalT2M3,L. californica,cal,G,2,3,9,12.1,1,11.25,0.2,78.75,1.37,
GcalT2M3,L. californica,cal,G,2,3,10,21,4,78.75,1.37,11.25,0.2,
GfreT1M1,L. fremontii,fre,G,1,1,NA,NA,NA,NA,NA,NA,NA,NA
GfreT1M2,L. fremontii,fre,G,1,2,NA,NA,NA,NA,NA,NA,NA,NA
GfreT1M3,L. fremontii,fre,G,1,3,NA,NA,NA,NA,NA,NA,NA,NA
GfreT2M1,L. fremontii,fre,G,2,1,1,11.2,15,326.25,5.69,123.75,2.16,
GfreT2M1,L. fremontii,fre,G,2,1,2,12.55,14,303.75,5.3,146.25,2.55,
GfreT2M1,L. fremontii,fre,G,2,1,3,1,14,303.75,5.3,146.25,2.55,
GfreT2M1,L. fremontii,fre,G,2,1,4,0.55,13,281.25,4.91,168.75,2.95,
GfreT2M1,L. fremontii,fre,G,2,1,5,1.75,13,281.25,4.91,168.75,2.95,
GfreT2M1,L. fremontii,fre,G,2,1,6,1.15,11,236.25,4.12,213.75,3.73,
GfreT2M1,L. fremontii,fre,G,2,1,7,1.6,11,236.25,4.12,213.75,3.73,
GfreT2M1,L. fremontii,fre,G,2,1,8,4.3,12,258.75,4.52,191.25,3.34,
GfreT2M1,L. fremontii,fre,G,2,1,9,4.7,12,258.75,4.52,191.25,3.34,
GfreT2M1,L. fremontii,fre,G,2,1,10,7.2,13,281.25,4.91,168.75,2.95,
GfreT2M1,L. fremontii,fre,G,2,1,11,4.1,11,236.25,4.12,213.75,3.73,
GfreT2M1,L. fremontii,fre,G,2,1,12,4.45,11,236.25,4.12,213.75,3.73,
GfreT2M1,L. fremontii,fre,G,2,1,13,4.95,11,236.25,4.12,213.75,3.73,
GfreT2M1,L. fremontii,fre,G,2,1,14,6.95,11,236.25,4.12,213.75,3.73,
GfreT2M1,L. fremontii,fre,G,2,1,15,4.5,10,213.75,3.73,236.25,4.12,
GfreT2M1,L. fremontii,fre,G,2,1,16,5,10,213.75,3.73,236.25,4.12,
GfreT2M1,L. fremontii,fre,G,2,1,17,7.4,10,213.75,3.73,236.25,4.12,
GfreT2M1,L. fremontii,fre,G,2,1,18,11.2,8,168.75,2.95,281.25,4.91,
GfreT2M1,L. fremontii,fre,G,2,1,19,1.25,9,191.25,3.34,258.75,4.52,
GfreT2M1,L. fremontii,fre,G,2,1,20,1.75,9,191.25,3.34,258.75,4.52,
GfreT2M1,L. fremontii,fre,G,2,1,21,2.8,9,191.25,3.34,258.75,4.52,
GfreT2M1,L. fremontii,fre,G,2,1,22,1.8,8,168.75,2.95,281.25,4.91,
GfreT2M1,L. fremontii,fre,G,2,1,23,1.2,9,191.25,3.34,258.75,4.52,
GfreT2M1,L. fremontii,fre,G,2,1,24,1.6,8,168.75,2.95,281.25,4.91,
GfreT2M1,L. fremontii,fre,G,2,1,25,6.8,7,146.25,2.55,303.75,5.3,
GfreT2M1,L. fremontii,fre,G,2,1,26,4.9,7,146.25,2.55,303.75,5.3,
GfreT2M1,L. fremontii,fre,G,2,1,27,3.4,6,123.75,2.16,326.25,5.69,
GfreT2M1,L. fremontii,fre,G,2,1,28,1.85,7,146.25,2.55,303.75,5.3,
GfreT2M1,L. fremontii,fre,G,2,1,29,2.8,6,123.75,2.16,326.25,5.69,
GfreT2M1,L. fremontii,fre,G,2,1,30,4.2,6,123.75,2.16,326.25,5.69,
GfreT2M2,L. fremontii,fre,G,2,2,1,8.65,3,56.25,0.98,33.75,0.59,
GfreT2M2,L. fremontii,fre,G,2,2,2,8.4,3,56.25,0.98,33.75,0.59,
GfreT2M2,L. fremontii,fre,G,2,2,3,13.1,2,33.75,0.59,56.25,0.98,
GfreT2M2,L. fremontii,fre,G,2,2,4,17.5,3,56.25,0.98,33.75,0.59,
GfreT2M2,L. fremontii,fre,G,2,2,5,16,3,56.25,0.98,33.75,0.59,
GfreT2M2,L. fremontii,fre,G,2,2,6,16.15,2,33.75,0.59,56.25,0.98,
GfreT2M2,L. fremontii,fre,G,2,2,7,14.4,2,33.75,0.59,56.25,0.98,
GfreT2M2,L. fremontii,fre,G,2,2,8,18.1,2,33.75,0.59,56.25,0.98,
GfreT2M2,L. fremontii,fre,G,2,2,9,24.65,1,11.25,0.2,78.75,1.37,
GfreT2M3,L. fremontii,fre,G,2,3,NA,NA,NA,NA,NA,NA,NA,NA
GglaT1M1,L. glaberrima,gla,G,1,1,1,6.85,3,56.25,0.98,33.75,0.59,
GglaT1M1,L. glaberrima,gla,G,1,1,2,6.4,2,33.75,0.59,56.25,0.98,
GglaT1M1,L. glaberrima,gla,G,1,1,3,11.2,2,33.75,0.59,56.25,0.98,
GglaT1M1,L. glaberrima,gla,G,1,1,4,11.6,1,11.25,0.2,78.75,1.37,
GglaT1M1,L. glaberrima,gla,G,1,1,5,9.9,1,11.25,0.2,78.75,1.37,
GglaT1M2,L. glaberrima,gla,G,1,2,NA,NA,NA,NA,NA,NA,NA,NA
GglaT1M3,L. glaberrima,gla,G,1,3,NA,NA,NA,NA,NA,NA,NA,NA
GglaT2M1,L. glaberrima,gla,G,2,1,NA,NA,NA,NA,NA,NA,NA,NA
GglaT2M2,L. glaberrima,gla,G,2,2,NA,NA,NA,NA,NA,NA,NA,NA
GglaT2M3,L. glaberrima,gla,G,2,3,1,9.2,3,56.25,0.98,33.75,0.59,clump
GglaT2M3,L. glaberrima,gla,G,2,3,2,9.7,3,56.25,0.98,33.75,0.59,clump
GglaT2M3,L. glaberrima,gla,G,2,3,3,10,3,56.25,0.98,33.75,0.59,clump
GglaT2M3,L. glaberrima,gla,G,2,3,4,9.65,3,56.25,0.98,33.75,0.59,clump
GglaT2M3,L. glaberrima,gla,G,2,3,5,10.4,3,56.25,0.98,33.75,0.59,clump
GglaT2M3,L. glaberrima,gla,G,2,3,6,13.45,3,56.25,0.98,33.75,0.59,
GglaT2M3,L. glaberrima,gla,G,2,3,7,14.9,4,78.75,1.37,11.25,0.2,
HcalT1M1,L. californica,cal,H,1,1,NA,NA,NA,NA,NA,NA,NA,NA
HcalT1M2,L. californica,cal,H,1,2,1,0.3,16,348.75,6.09,101.25,1.77,
HcalT1M2,L. californica,cal,H,1,2,2,2.7,15,326.25,5.69,123.75,2.16,
HcalT1M2,L. californica,cal,H,1,2,3,4.05,13,281.25,4.91,168.75,2.95,
HcalT1M2,L. californica,cal,H,1,2,4,10.7,13,281.25,4.91,168.75,2.95,
HcalT1M2,L. californica,cal,H,1,2,5,8.6,15,326.25,5.69,123.75,2.16,
HcalT1M2,L. californica,cal,H,1,2,6,9.4,15,326.25,5.69,123.75,2.16,
HcalT1M3,L. californica,cal,H,1,3,1,4.75,14,303.75,5.3,146.25,2.55,
HcalT1M3,L. californica,cal,H,1,3,2,5.3,14,303.75,5.3,146.25,2.55,
HcalT1M3,L. californica,cal,H,1,3,3,5.4,15,326.25,5.69,123.75,2.16,
HcalT1M3,L. californica,cal,H,1,3,4,4.9,16,348.75,6.09,101.25,1.77,
HcalT1M3,L. californica,cal,H,1,3,5,4.8,16,348.75,6.09,101.25,1.77,
HcalT1M3,L. californica,cal,H,1,3,6,5.7,16,348.75,6.09,101.25,1.77,
HcalT1M3,L. californica,cal,H,1,3,7,5.6,1,11.25,0.2,78.75,1.37,
HcalT2M1,L. californica,cal,H,2,1,NA,NA,NA,NA,NA,NA,NA,NA
HcalT2M2,L. californica,cal,H,2,2,1,4.6,13,281.25,4.91,168.75,2.95,
HcalT2M2,L. californica,cal,H,2,2,2,3.1,11,236.25,4.12,213.75,3.73,
HcalT2M2,L. californica,cal,H,2,2,3,2.15,9,191.25,3.34,258.75,4.52,
HcalT2M2,L. californica,cal,H,2,2,4,4.7,8,168.75,2.95,281.25,4.91,
HcalT2M2,L. californica,cal,H,2,2,5,5.3,8,168.75,2.95,281.25,4.91,
HcalT2M2,L. californica,cal,H,2,2,6,6.7,3,56.25,0.98,33.75,0.59,
HcalT2M2,L. californica,cal,H,2,2,7,4.5,5,101.25,1.77,168.75,2.95,
HcalT2M2,L. californica,cal,H,2,2,8,6.05,5,101.25,1.77,168.75,2.95,
HcalT2M2,L. californica,cal,H,2,2,9,8.85,4,78.75,1.37,11.25,0.2,
HcalT2M2,L. californica,cal,H,2,2,10,3,5,101.25,1.77,168.75,2.95,
HcalT2M2,L. californica,cal,H,2,2,11,3.5,5,101.25,1.77,168.75,2.95,
HcalT2M2,L. californica,cal,H,2,2,12,3.95,5,101.25,1.77,168.75,2.95,
HcalT2M2,L. californica,cal,H,2,2,13,2.95,6,123.75,2.16,326.25,5.69,
HcalT2M2,L. californica,cal,H,2,2,14,4.9,5,101.25,1.77,168.75,2.95,
HcalT2M2,L. californica,cal,H,2,2,15,5.7,5,101.25,1.77,168.75,2.95,
HcalT2M2,L. californica,cal,H,2,2,16,6.55,5,101.25,1.77,168.75,2.95,
HcalT2M2,L. californica,cal,H,2,2,17,5.5,5,101.25,1.77,168.75,2.95,
HcalT2M2,L. californica,cal,H,2,2,18,4.35,6,123.75,2.16,326.25,5.69,
HcalT2M2,L. californica,cal,H,2,2,19,6.8,5,101.25,1.77,168.75,2.95,
HcalT2M2,L. californica,cal,H,2,2,20,6.75,5,101.25,1.77,168.75,2.95,
HcalT2M2,L. californica,cal,H,2,2,21,6.7,6,123.75,2.16,326.25,5.69,
HcalT2M2,L. californica,cal,H,2,2,22,6.55,6,123.75,2.16,326.25,5.69,
HcalT2M2,L. californica,cal,H,2,2,23,7.85,4,78.75,1.37,11.25,0.2,
HcalT2M2,L. californica,cal,H,2,2,24,8.15,4,78.75,1.37,11.25,0.2,
HcalT2M2,L. californica,cal,H,2,2,25,8.9,4,78.75,1.37,11.25,0.2,
HcalT2M2,L. californica,cal,H,2,2,26,10.45,4,78.75,1.37,11.25,0.2,
HcalT2M2,L. californica,cal,H,2,2,27,7.7,5,101.25,1.77,168.75,2.95,
HcalT2M2,L. californica,cal,H,2,2,28,8.3,5,101.25,1.77,168.75,2.95,
HcalT2M2,L. californica,cal,H,2,2,28,8.05,6,123.75,2.16,326.25,5.69,
HcalT2M2,L. californica,cal,H,2,2,29,9.05,5,101.25,1.77,168.75,2.95,
HcalT2M2,L. californica,cal,H,2,2,30,7.7,5,101.25,1.77,168.75,2.95,
HcalT2M2,L. californica,cal,H,2,2,31,11.35,4,78.75,1.37,11.25,0.2,
HcalT2M2,L. californica,cal,H,2,2,32,7.7,5,101.25,1.77,168.75,2.95,
HcalT2M2,L. californica,cal,H,2,2,33,8.95,5,101.25,1.77,168.75,2.95,
HcalT2M2,L. californica,cal,H,2,2,34,7.35,5,101.25,1.77,168.75,2.95,
HcalT2M2,L. californica,cal,H,2,2,35,8.05,6,123.75,2.16,326.25,5.69,
HcalT2M2,L. californica,cal,H,2,2,36,10.65,6,123.75,2.16,326.25,5.69,
HcalT2M2,L. californica,cal,H,2,2,37,7.5,6,123.75,2.16,326.25,5.69,
HcalT2M2,L. californica,cal,H,2,2,39,7.65,6,123.75,2.16,326.25,5.69,
HcalT2M2,L. californica,cal,H,2,2,40,9.05,6,123.75,2.16,326.25,5.69,
HcalT2M2,L. californica,cal,H,2,2,41,11.2,6,123.75,2.16,326.25,5.69,
HcalT2M2,L. californica,cal,H,2,2,42,13.7,6,123.75,2.16,326.25,5.69,
HcalT2M2,L. californica,cal,H,2,2,43,9.8,7,146.25,2.55,303.75,5.3,
HcalT2M2,L. californica,cal,H,2,2,44,12.05,7,146.25,2.55,303.75,5.3,
HcalT2M3,L. californica,cal,H,2,3,NA,NA,NA,NA,NA,NA,NA,NA
HfreT1M1,L. fremontii,fre,H,1,1,NA,NA,NA,NA,NA,NA,NA,NA
HfreT1M2,L. fremontii,fre,H,1,2,NA,NA,NA,NA,NA,NA,NA,NA
HfreT1M3,L. fremontii,fre,H,1,3,NA,NA,NA,NA,NA,NA,NA,NA
HfreT2M1,L. fremontii,fre,H,2,1,NA,NA,NA,NA,NA,NA,NA,NA
HfreT2M2,L. fremontii,fre,H,2,2,1,13.8,4,78.75,1.37,11.25,0.2,
HfreT2M2,L. fremontii,fre,H,2,2,2,10.7,4,78.75,1.37,11.25,0.2,
HfreT2M2,L. fremontii,fre,H,2,2,3,12.05,4,78.75,1.37,11.25,0.2,
HfreT2M2,L. fremontii,fre,H,2,2,4,12.3,4,78.75,1.37,11.25,0.2,
HfreT2M2,L. fremontii,fre,H,2,2,5,11.95,4,78.75,1.37,11.25,0.2,
HfreT2M2,L. fremontii,fre,H,2,2,6,12.6,4,78.75,1.37,11.25,0.2,
HfreT2M2,L. fremontii,fre,H,2,2,7,12.3,4,78.75,1.37,11.25,0.2,
HfreT2M2,L. fremontii,fre,H,2,2,8,12.2,4,78.75,1.37,11.25,0.2,
HfreT2M2,L. fremontii,fre,H,2,2,9,13,3,56.25,0.98,33.75,0.59,
HfreT2M3,L. fremontii,fre,H,2,3,NA,NA,NA,NA,NA,NA,NA,NA
HglaT1M1,L. glaberrima,gla,H,1,1,1,0.8,4,78.75,1.37,11.25,0.2,
HglaT1M1,L. glaberrima,gla,H,1,1,2,1.55,10,213.75,3.73,236.25,4.12,
HglaT1M1,L. glaberrima,gla,H,1,1,3,2.35,10,213.75,3.73,236.25,4.12,
HglaT1M1,L. glaberrima,gla,H,1,1,4,1.35,15,326.25,5.69,123.75,2.16,
HglaT1M1,L. glaberrima,gla,H,1,1,5,2.4,15,326.25,5.69,123.75,2.16,
HglaT1M1,L. glaberrima,gla,H,1,1,6,1.8,14,303.75,5.3,146.25,2.55,
HglaT1M1,L. glaberrima,gla,H,1,1,7,1.85,13,281.25,4.91,168.75,2.95,
HglaT1M1,L. glaberrima,gla,H,1,1,8,1.5,13,281.25,4.91,168.75,2.95,
HglaT1M1,L. glaberrima,gla,H,1,1,9,2.2,13,281.25,4.91,168.75,2.95,
HglaT1M2,L. glaberrima,gla,H,1,2,NA,NA,NA,NA,NA,NA,NA,NA
HglaT1M3,L. glaberrima,gla,H,1,3,1,3.1,13,281.25,4.91,168.75,2.95,
HglaT1M3,L. glaberrima,gla,H,1,3,2,4.3,12,258.75,4.52,191.25,3.34,
HglaT1M3,L. glaberrima,gla,H,1,3,3,6.05,12,258.75,4.52,191.25,3.34,
HglaT1M3,L. glaberrima,gla,H,1,3,4,6.1,12,258.75,4.52,191.25,3.34,
HglaT1M3,L. glaberrima,gla,H,1,3,5,5.1,11,236.25,4.12,213.75,3.73,
HglaT1M3,L. glaberrima,gla,H,1,3,6,6.1,10,213.75,3.73,236.25,4.12,
HglaT1M3,L. glaberrima,gla,H,1,3,7,7.4,12,258.75,4.52,191.25,3.34,
HglaT1M3,L. glaberrima,gla,H,1,3,8,11.7,12,258.75,4.52,191.25,3.34,
HglaT1M3,L. glaberrima,gla,H,1,3,9,12.6,12,258.75,4.52,191.25,3.34,
HglaT1M3,L. glaberrima,gla,H,1,3,10,13.7,12,258.75,4.52,191.25,3.34,
HglaT1M3,L. glaberrima,gla,H,1,3,11,14.2,12,258.75,4.52,191.25,3.34,
HglaT1M3,L. glaberrima,gla,H,1,3,12,11.8,11,236.25,4.12,213.75,3.73,
HglaT1M3,L. glaberrima,gla,H,1,3,13,12.45,11,236.25,4.12,213.75,3.73,
HglaT1M3,L. glaberrima,gla,H,1,3,14,14.2,11,236.25,4.12,213.75,3.73,
HglaT2M1,L. glaberrima,gla,H,2,1,NA,NA,NA,NA,NA,NA,NA,NA
HglaT2M2,L. glaberrima,gla,H,2,2,1,11.9,11,236.25,4.12,213.75,3.73,
HglaT2M2,L. glaberrima,gla,H,2,2,2,10.4,9,191.25,3.34,258.75,4.52,
HglaT2M2,L. glaberrima,gla,H,2,2,3,15.5,9,191.25,3.34,258.75,4.52,
HglaT2M2,L. glaberrima,gla,H,2,2,4,15.75,9,191.25,3.34,258.75,4.52,
HglaT2M2,L. glaberrima,gla,H,2,2,5,9,9,191.25,3.34,258.75,4.52,
HglaT2M2,L. glaberrima,gla,H,2,2,6,9.9,9,191.25,3.34,258.75,4.52,
HglaT2M2,L. glaberrima,gla,H,2,2,7,10.3,9,191.25,3.34,258.75,4.52,
HglaT2M2,L. glaberrima,gla,H,2,2,8,11.2,9,191.25,3.34,258.75,4.52,
HglaT2M2,L. glaberrima,gla,H,2,2,9,12.25,9,191.25,3.34,258.75,4.52,
HglaT2M2,L. glaberrima,gla,H,2,2,10,13,9,191.25,3.34,258.75,4.52,
HglaT2M2,L. glaberrima,gla,H,2,2,11,9.25,8,168.75,2.95,281.25,4.91,
HglaT2M2,L. glaberrima,gla,H,2,2,12,10.4,8,168.75,2.95,281.25,4.91,
HglaT2M2,L. glaberrima,gla,H,2,2,13,7.15,8,168.75,2.95,281.25,4.91,
HglaT2M2,L. glaberrima,gla,H,2,2,14,13.3,8,168.75,2.95,281.25,4.91,
HglaT2M2,L. glaberrima,gla,H,2,2,15,11.5,8,168.75,2.95,281.25,4.91,
HglaT2M2,L. glaberrima,gla,H,2,2,16,10.45,8,168.75,2.95,281.25,4.91,
HglaT2M2,L. glaberrima,gla,H,2,2,17,11.9,8,168.75,2.95,281.25,4.91,
HglaT2M2,L. glaberrima,gla,H,2,2,18,11.1,8,168.75,2.95,281.25,4.91,
HglaT2M2,L. glaberrima,gla,H,2,2,19,13,8,168.75,2.95,281.25,4.91,
HglaT2M2,L. glaberrima,gla,H,2,2,20,11.65,7,146.25,2.55,303.75,5.3,
HglaT2M2,L. glaberrima,gla,H,2,2,21,16.6,7,146.25,2.55,303.75,5.3,
HglaT2M3,L. glaberrima,gla,H,2,3,NA,NA,NA,NA,NA,NA,NA,NA
IcalT1M1,L. californica,cal,I,1,1,NA,NA,NA,NA,NA,NA,NA,NA
IcalT1M2,L. californica,cal,I,1,2,1,2.35,15,326.25,5.69,123.75,2.16,
IcalT1M2,L. californica,cal,I,1,2,2,5.65,1,11.25,0.2,78.75,1.37,
IcalT1M2,L. californica,cal,I,1,2,3,6.5,1,11.25,0.2,78.75,1.37,
IcalT1M2,L. californica,cal,I,1,2,4,5.45,2,33.75,0.59,56.25,0.98,
IcalT1M2,L. californica,cal,I,1,2,5,5.15,3,56.25,0.98,33.75,0.59,
IcalT1M2,L. californica,cal,I,1,2,6,5.15,3,56.25,0.98,33.75,0.59,
IcalT1M2,L. californica,cal,I,1,2,7,5.85,4,78.75,1.37,11.25,0.2,
IcalT1M2,L. californica,cal,I,1,2,8,2.75,5,101.25,1.77,168.75,2.95,
IcalT1M3,L. californica,cal,I,1,3,NA,NA,NA,NA,NA,NA,NA,NA
IcalT2M1,L. californica,cal,I,2,1,NA,NA,NA,NA,NA,NA,NA,NA
IcalT2M2,L. californica,cal,I,2,2,1,4.1,4,78.75,1.37,11.25,0.2,
IcalT2M2,L. californica,cal,I,2,2,2,9.4,4,78.75,1.37,11.25,0.2,
IcalT2M2,L. californica,cal,I,2,2,3,12.7,3,56.25,0.98,33.75,0.59,
IcalT2M2,L. californica,cal,I,2,2,4,6.5,2,33.75,0.59,56.25,0.98,
IcalT2M2,L. californica,cal,I,2,2,5,6.7,2,33.75,0.59,56.25,0.98,
IcalT2M2,L. californica,cal,I,2,2,6,6.1,2,33.75,0.59,56.25,0.98,
IcalT2M2,L. californica,cal,I,2,2,7,14.3,2,33.75,0.59,56.25,0.98,
IcalT2M2,L. californica,cal,I,2,2,8,14.25,2,33.75,0.59,56.25,0.98,
IcalT2M2,L. californica,cal,I,2,2,9,12.1,1,11.25,0.2,78.75,1.37,
IcalT2M2,L. californica,cal,I,2,2,10,12.75,1,11.25,0.2,78.75,1.37,
IcalT2M2,L. californica,cal,I,2,2,11,12.5,1,11.25,0.2,78.75,1.37,
IcalT2M3,L. californica,cal,I,2,3,1,5.35,2,33.75,0.59,56.25,0.98,
IcalT2M3,L. californica,cal,I,2,3,2,7.45,4,78.75,1.37,11.25,0.2,
IcalT2M3,L. californica,cal,I,2,3,3,11.5,4,78.75,1.37,11.25,0.2,
IcalT2M3,L. californica,cal,I,2,3,4,12.8,5,101.25,1.77,168.75,2.95,
IcalT2M3,L. californica,cal,I,2,3,5,10.4,5,101.25,1.77,168.75,2.95,clump
IcalT2M3,L. californica,cal,I,2,3,6,10.8,5,101.25,1.77,168.75,2.95,clump
IcalT2M3,L. californica,cal,I,2,3,7,10.6,5,101.25,1.77,168.75,2.95,clump
IcalT2M3,L. californica,cal,I,2,3,8,11,5,101.25,1.77,168.75,2.95,clump
IcalT2M3,L. californica,cal,I,2,3,9,11.5,5,101.25,1.77,168.75,2.95,clump
IcalT2M3,L. californica,cal,I,2,3,10,12.2,5,101.25,1.77,168.75,2.95,
IcalT2M3,L. californica,cal,I,2,3,11,12,5,101.25,1.77,168.75,2.95,
IcalT2M3,L. californica,cal,I,2,3,12,13.6,5,101.25,1.77,168.75,2.95,
IcalT2M3,L. californica,cal,I,2,3,13,11.35,5,101.25,1.77,168.75,2.95,
IcalT2M3,L. californica,cal,I,2,3,14,12.45,4,78.75,1.37,11.25,0.2,
IcalT2M3,L. californica,cal,I,2,3,15,11.9,4,78.75,1.37,11.25,0.2,
IfreT1M1,L. fremontii,fre,I,1,1,1,4.35,7,146.25,2.55,303.75,5.3,
IfreT1M1,L. fremontii,fre,I,1,1,2,1.9,5,101.25,1.77,168.75,2.95,
IfreT1M1,L. fremontii,fre,I,1,1,3,3.95,4,78.75,1.37,11.25,0.2,
IfreT1M1,L. fremontii,fre,I,1,1,4,5.5,4,78.75,1.37,11.25,0.2,
IfreT1M1,L. fremontii,fre,I,1,1,5,6.8,4,78.75,1.37,11.25,0.2,
IfreT1M1,L. fremontii,fre,I,1,1,6,5.1,14,303.75,5.3,146.25,2.55,
IfreT1M1,L. fremontii,fre,I,1,1,7,1.4,15,326.25,5.69,123.75,2.16,
IfreT1M1,L. fremontii,fre,I,1,1,8,2.55,15,326.25,5.69,123.75,2.16,
IfreT1M1,L. fremontii,fre,I,1,1,9,5.55,15,326.25,5.69,123.75,2.16,
IfreT1M1,L. fremontii,fre,I,1,1,10,6.55,16,348.75,6.09,101.25,1.77,
IfreT1M1,L. fremontii,fre,I,1,1,11,13.5,16,348.75,6.09,101.25,1.77,
IfreT1M1,L. fremontii,fre,I,1,1,12,4.6,16,348.75,6.09,101.25,1.77,
IfreT1M1,L. fremontii,fre,I,1,1,13,4.45,2,33.75,0.59,56.25,0.98,
IfreT1M1,L. fremontii,fre,I,1,1,14,7.55,3,56.25,0.98,33.75,0.59,
IfreT1M1,L. fremontii,fre,I,1,1,15,9.9,3,56.25,0.98,33.75,0.59,
IfreT1M2,L. fremontii,fre,I,1,2,1,0.6,2,33.75,0.59,56.25,0.98,
IfreT1M2,L. fremontii,fre,I,1,2,2,4.8,10,213.75,3.73,236.25,4.12,clump1
IfreT1M2,L. fremontii,fre,I,1,2,3,4.9,10,213.75,3.73,236.25,4.12,clump1
IfreT1M2,L. fremontii,fre,I,1,2,4,5.25,10,213.75,3.73,236.25,4.12,clump1
IfreT1M2,L. fremontii,fre,I,1,2,5,4.6,10,213.75,3.73,236.25,4.12,clump1
IfreT1M2,L. fremontii,fre,I,1,2,6,6.8,13,281.25,4.91,168.75,2.95,clump2
IfreT1M2,L. fremontii,fre,I,1,2,7,6.95,13,281.25,4.91,168.75,2.95,clump2
IfreT1M2,L. fremontii,fre,I,1,2,8,6.5,13,281.25,4.91,168.75,2.95,clump2
IfreT1M3,L. fremontii,fre,I,1,3,NA,NA,NA,NA,NA,NA,NA,NA
IfreT2M1,L. fremontii,fre,I,2,1,NA,NA,NA,NA,NA,NA,NA,NA
IfreT2M2,L. fremontii,fre,I,2,2,NA,NA,NA,NA,NA,NA,NA,NA
IfreT2M3,L. fremontii,fre,I,2,3,1,2.45,13,281.25,4.91,168.75,2.95,
IfreT2M3,L. fremontii,fre,I,2,3,2,5.25,4,78.75,1.37,11.25,0.2,
IfreT2M3,L. fremontii,fre,I,2,3,3,5,4,78.75,1.37,11.25,0.2,
IfreT2M3,L. fremontii,fre,I,2,3,4,3.3,5,101.25,1.77,168.75,2.95,
IfreT2M3,L. fremontii,fre,I,2,3,5,4.2,5,101.25,1.77,168.75,2.95,
IfreT2M3,L. fremontii,fre,I,2,3,6,4.95,6,123.75,2.16,326.25,5.69,
IfreT2M3,L. fremontii,fre,I,2,3,7,4.05,6,123.75,2.16,326.25,5.69,
IfreT2M3,L. fremontii,fre,I,2,3,8,7.75,4,78.75,1.37,11.25,0.2,
IfreT2M3,L. fremontii,fre,I,2,3,9,10.35,3,56.25,0.98,33.75,0.59,
IfreT2M3,L. fremontii,fre,I,2,3,10,7.65,5,101.25,1.77,168.75,2.95,
IfreT2M3,L. fremontii,fre,I,2,3,11,8.75,5,101.25,1.77,168.75,2.95,
IfreT2M3,L. fremontii,fre,I,2,3,12,9.8,5,101.25,1.77,168.75,2.95,
IfreT2M3,L. fremontii,fre,I,2,3,13,9.25,6,123.75,2.16,326.25,5.69,
IfreT2M3,L. fremontii,fre,I,2,3,14,9.9,6,123.75,2.16,326.25,5.69,
IfreT2M3,L. fremontii,fre,I,2,3,15,8.25,6,123.75,2.16,326.25,5.69,
IfreT2M3,L. fremontii,fre,I,2,3,16,8.9,6,123.75,2.16,326.25,5.69,
IfreT2M3,L. fremontii,fre,I,2,3,17,9.45,6,123.75,2.16,326.25,5.69,
IfreT2M3,L. fremontii,fre,I,2,3,18,9.95,6,123.75,2.16,326.25,5.69,
IglaT1M1,L. glaberrima,gla,I,1,1,1,20.5,4,78.75,1.37,11.25,0.2,
IglaT1M1,L. glaberrima,gla,I,1,1,2,22.65,4,78.75,1.37,11.25,0.2,
IglaT1M1,L. glaberrima,gla,I,1,1,3,21.8,4,78.75,1.37,11.25,0.2,
IglaT1M1,L. glaberrima,gla,I,1,1,4,23.65,4,78.75,1.37,11.25,0.2,
IglaT1M1,L. glaberrima,gla,I,1,1,5,23.35,4,78.75,1.37,11.25,0.2,
IglaT1M1,L. glaberrima,gla,I,1,1,6,19.3,3,56.25,0.98,33.75,0.59,
IglaT1M1,L. glaberrima,gla,I,1,1,7,19.5,3,56.25,0.98,33.75,0.59,
IglaT1M1,L. glaberrima,gla,I,1,1,8,21,4,78.75,1.37,11.25,0.2,
IglaT1M1,L. glaberrima,gla,I,1,1,9,24.25,4,78.75,1.37,11.25,0.2,
IglaT1M1,L. glaberrima,gla,I,1,1,10,24.8,4,78.75,1.37,11.25,0.2,
IglaT1M1,L. glaberrima,gla,I,1,1,11,25.1,4,78.75,1.37,11.25,0.2,
IglaT1M1,L. glaberrima,gla,I,1,1,12,23.35,4,78.75,1.37,11.25,0.2,
IglaT1M1,L. glaberrima,gla,I,1,1,13,22.8,4,78.75,1.37,11.25,0.2,
IglaT1M1,L. glaberrima,gla,I,1,1,14,24.4,4,78.75,1.37,11.25,0.2,
IglaT1M1,L. glaberrima,gla,I,1,1,15,25.5,4,78.75,1.37,11.25,0.2,
IglaT1M1,L. glaberrima,gla,I,1,1,16,32.9,4,78.75,1.37,11.25,0.2,
IglaT1M2,L. glaberrima,gla,I,1,2,1,4.1,8,168.75,2.95,281.25,4.91,
IglaT1M2,L. glaberrima,gla,I,1,2,2,4.85,7,146.25,2.55,303.75,5.3,
IglaT1M2,L. glaberrima,gla,I,1,2,3,5.3,8,168.75,2.95,281.25,4.91,
IglaT1M2,L. glaberrima,gla,I,1,2,4,6.7,8,168.75,2.95,281.25,4.91,
IglaT1M2,L. glaberrima,gla,I,1,2,5,6.2,9,191.25,3.34,258.75,4.52,
IglaT1M2,L. glaberrima,gla,I,1,2,6,7.6,8,168.75,2.95,281.25,4.91,
IglaT1M2,L. glaberrima,gla,I,1,2,7,8.1,8,168.75,2.95,281.25,4.91,
IglaT1M2,L. glaberrima,gla,I,1,2,8,7.8,7,146.25,2.55,303.75,5.3,
IglaT1M2,L. glaberrima,gla,I,1,2,9,8.05,8,168.75,2.95,281.25,4.91,
IglaT1M2,L. glaberrima,gla,I,1,2,10,8.55,7,146.25,2.55,303.75,5.3,
IglaT1M3,L. glaberrima,gla,I,1,3,NA,NA,NA,NA,NA,NA,NA,NA
IglaT2M1,L. glaberrima,gla,I,2,1,NA,NA,NA,NA,NA,NA,NA,NA
IglaT2M2,L. glaberrima,gla,I,2,2,1,5.9,1,11.25,0.2,78.75,1.37,
IglaT2M2,L. glaberrima,gla,I,2,2,2,6.6,1,11.25,0.2,78.75,1.37,
IglaT2M2,L. glaberrima,gla,I,2,2,3,7.8,1,11.25,0.2,78.75,1.37,
IglaT2M3,L. glaberrima,gla,I,2,3,NA,NA,NA,NA,NA,NA,NA,NA
JcalT1M1,L. californica,cal,J,1,1,1,3.7,5,101.25,1.77,168.75,2.95,
JcalT1M1,L. californica,cal,J,1,1,2,6.2,4,78.75,1.37,11.25,0.2,
JcalT1M1,L. californica,cal,J,1,1,3,23.85,4,78.75,1.37,11.25,0.2,
JcalT1M2,L. californica,cal,J,1,2,1,1.9,6,123.75,2.16,326.25,5.69,
JcalT1M2,L. californica,cal,J,1,2,2,3.5,6,123.75,2.16,326.25,5.69,
JcalT1M2,L. californica,cal,J,1,2,3,5.4,2,33.75,0.59,56.25,0.98,
JcalT1M2,L. californica,cal,J,1,2,4,3.9,3,56.25,0.98,33.75,0.59,
JcalT1M2,L. californica,cal,J,1,2,5,2.9,3,56.25,0.98,33.75,0.59,
JcalT1M2,L. californica,cal,J,1,2,6,4.95,3,56.25,0.98,33.75,0.59,
JcalT1M2,L. californica,cal,J,1,2,7,6.6,5,101.25,1.77,168.75,2.95,
JcalT1M2,L. californica,cal,J,1,2,8,8.1,7,146.25,2.55,303.75,5.3,
JcalT1M3,L. californica,cal,J,1,3,NA,NA,NA,NA,NA,NA,NA,NA
JcalT2M1,L. californica,cal,J,2,1,1,5.9,3,56.25,0.98,33.75,0.59,
JcalT2M1,L. californica,cal,J,2,1,2,6,3,56.25,0.98,33.75,0.59,
JcalT2M1,L. californica,cal,J,2,1,3,6.3,3,56.25,0.98,33.75,0.59,
JcalT2M1,L. californica,cal,J,2,1,4,8.25,2,33.75,0.59,56.25,0.98,
JcalT2M1,L. californica,cal,J,2,1,5,8.6,2,33.75,0.59,56.25,0.98,
JcalT2M1,L. californica,cal,J,2,1,6,8.5,2,33.75,0.59,56.25,0.98,
JcalT2M2,L. californica,cal,J,2,2,NA,NA,NA,NA,NA,NA,NA,NA
JcalT2M3,L. californica,cal,J,2,3,NA,NA,NA,NA,NA,NA,NA,NA
JfreT1M1,L. fremontii,fre,J,1,1,NA,NA,NA,NA,NA,NA,NA,NA
JfreT1M2,L. fremontii,fre,J,1,2,NA,NA,NA,NA,NA,NA,NA,NA
JfreT1M3,L. fremontii,fre,J,1,3,NA,NA,NA,NA,NA,NA,NA,NA
JfreT2M1,L. fremontii,fre,J,2,1,NA,NA,NA,NA,NA,NA,NA,NA
JfreT2M2,L. fremontii,fre,J,2,2,NA,NA,NA,NA,NA,NA,NA,NA
JfreT2M3,L. fremontii,fre,J,2,3,NA,NA,NA,NA,NA,NA,NA,NA
JglaT1M1,L. glaberrima,gla,J,1,1,1,13.8,16,348.75,6.09,101.25,1.77,
JglaT1M1,L. glaberrima,gla,J,1,1,2,14.8,16,348.75,6.09,101.25,1.77,
JglaT1M1,L. glaberrima,gla,J,1,1,3,15.9,16,348.75,6.09,101.25,1.77,
JglaT1M2,L. glaberrima,gla,J,1,2,NA,NA,NA,NA,NA,NA,NA,NA
JglaT1M3,L. glaberrima,gla,J,1,3,NA,NA,NA,NA,NA,NA,NA,NA
JglaT2M1,L. glaberrima,gla,J,2,1,NA,NA,NA,NA,NA,NA,NA,NA
JglaT2M2,L. glaberrima,gla,J,2,2,NA,NA,NA,NA,NA,NA,NA,NA
JglaT2M3,L. glaberrima,gla,J,2,3,NA,NA,NA,NA,NA,NA,NA,NA