species,hub,transect,mom,neighbour,plant_id,count_type,viable_ray_seeds,viable_disc_seeds,seeds_total,ray_tube_count,disc_tube_count,flwr_count,inflor_diameter,perfect_separation,notes,
L. californica,A,1,1,1,AcalT1M1N1,First flwr,7,13,20,7,13,1,3,Yes,,
L. californica,A,1,1,1,AcalT1M1N1,Other flwrs,0,0,0,0,0,0,NA,NA,,
L. californica,A,1,2,1,AcalT1M2N1,First flwr,5,52,57,5,52,1,4.5,Yes,,
L. californica,A,1,2,1,AcalT1M2N1,Other flwrs,0,0,0,0,0,0,NA,NA,,
L. californica,A,1,3,1,AcalT1M3N1,First flwr,7,91,98,7,91,1,5,Yes,,
L. californica,A,1,3,1,AcalT1M3N1,Other flwrs,6,58,64,6,58,1,NA,Yes,,
L. californica,A,2,1,1,AcalT2M1N1,First flwr,0,0,0,0,0,1,4.5,NA,All seeds missing,
L. californica,A,2,1,1,AcalT2M1N1,Other flwrs,0,0,0,0,0,0,NA,NA,,
L. californica,A,2,2,1,AcalT2M2N1,First flwr,15,48,63,9,54,1,5.5,No,6 ray seeds mixed in with rays,
L. californica,A,2,2,1,AcalT2M2N1,Other flwrs,0,0,0,0,0,0,NA,NA,,
L. californica,A,2,3,1,AcalT2M3N1,First flwr,2,20,22,2,20,1,4.5,Yes,,
L. californica,A,2,3,1,AcalT2M3N1,Other flwrs,0,0,0,0,0,0,NA,NA,,
L. californica,B,1,1,1,BcalT1M1N1,First flwr,7,70,77,7,70,1,6,Yes,,
L. californica,B,1,1,1,BcalT1M1N1,Other flwrs,0,0,0,0,0,0,NA,NA,,
L. californica,B,1,2,1,BcalT1M2N1,First flwr,5,33,38,5,33,1,3.5,Yes,,
L. californica,B,1,2,1,BcalT1M2N1,Other flwrs,0,0,0,0,0,0,NA,NA,,
L. californica,B,1,3,1,BcalT1M3N1,First flwr,0,17,17,0,17,1,3,Yes,,
L. californica,B,1,3,1,BcalT1M3N1,Other flwrs,0,0,0,0,0,0,NA,NA,,
L. californica,B,2,1,1,BcalT2M1N1,First flwr,7,19,26,7,19,1,4,Yes,,
L. californica,B,2,1,1,BcalT2M1N1,Other flwrs,0,0,0,0,0,0,NA,NA,,
L. californica,B,2,2,1,BcalT2M2N1,First flwr,7,73,80,7,73,1,6,Yes,,
L. californica,B,2,2,1,BcalT2M2N1,Other flwrs,0,0,0,0,0,0,NA,NA,,
L. californica,B,2,3,1,BcalT2M3N1,First flwr,5,50,55,5,50,1,6,Yes,,
L. californica,B,2,3,1,BcalT2M3N1,Other flwrs,0,0,0,0,0,0,NA,NA,,
L. californica,C,1,1,1,CcalT1M1N1,First flwr,4,14,18,4,14,1,4,Yes,,
L. californica,C,1,1,1,CcalT1M1N1,Other flwrs,0,0,0,0,0,0,NA,NA,,
L. californica,C,1,2,1,CcalT1M2N1,First flwr,7,127,134,7,127,1,7.5,Yes,,
L. californica,C,1,2,1,CcalT1M2N1,Other flwrs,6,152,158,6,152,2,NA,Yes,,
L. californica,C,1,3,1,CcalT1M3N1,First flwr,4,48,52,4,48,1,4,Yes,,
L. californica,C,1,3,1,CcalT1M3N1,Other flwrs,0,0,0,0,0,0,NA,NA,,
L. californica,C,2,1,1,CcalT2M1N1,First flwr,7,76,83,7,76,1,6,Yes,,
L. californica,C,2,1,1,CcalT2M1N1,Other flwrs,8,29,37,8,29,1,NA,Yes,,
L. californica,C,2,2,1,CcalT2M2N1,First flwr,7,22,29,7,22,1,3,Yes,,
L. californica,C,2,2,1,CcalT2M2N1,Other flwrs,0,0,0,0,0,0,NA,NA,,
L. californica,C,2,3,1,CcalT2M3N1,First flwr,7,79,86,7,79,1,6,Yes,,
L. californica,C,2,3,1,CcalT2M3N1,Other flwrs,0,0,0,0,0,0,NA,NA,,
L. californica,D,1,1,1,DcalT1M1N1,First flwr,?,?,21,0,21,1,3,No,,
L. californica,D,1,1,1,DcalT1M1N1,Other flwrs,0,0,0,0,0,0,NA,NA,,
L. californica,D,1,2,1,DcalT1M2N1,First flwr,5+?,?,41,5,36,1,5,No,,
L. californica,D,1,2,1,DcalT1M2N1,Other flwrs,0,0,0,0,0,0,NA,NA,,
L. californica,D,1,3,1,DcalT1M3N1,First flwr,4+?,?,24,4,20,1,4,No,,
L. californica,D,1,3,1,DcalT1M3N1,Other flwrs,0,0,0,0,0,0,NA,NA,,
L. californica,D,2,1,1,DcalT2M1N1,First flwr,2,1,3,2,1,1,2,Yes,All seeds present,
L. californica,D,2,1,1,DcalT2M1N1,Other flwrs,0,0,0,0,0,0,NA,NA,,
L. californica,D,2,2,1,DcalT2M2N1,First flwr,1+?,?,57,1,56,1,6,No,,
L. californica,D,2,2,1,DcalT2M2N1,Other flwrs,1,0,1,1,0,1,NA,Yes,only one ripe seed,
L. californica,D,2,3,1,DcalT2M3N1,First flwr,?,?,52,0,52,1,4,No,,
L. californica,D,2,3,1,DcalT2M3N1,Other flwrs,0,0,0,0,0,1,NA,NA,,
L. californica,E,1,1,1,EcalT1M1N1,First flwr,8,82,90,8,82,1,6,Yes,,
L. californica,E,1,1,1,EcalT1M1N1,Other flwrs,0,0,0,0,0,0,NA,NA,,
L. californica,E,1,2,1,EcalT1M2N1,First flwr,4,25,29,4,25,1,4,Yes,,
L. californica,E,1,2,1,EcalT1M2N1,Other flwrs,0,0,0,0,0,0,NA,NA,,
L. californica,E,1,3,1,EcalT1M3N1,First flwr,1,15,16,1,15,1,2.5,Yes,,
L. californica,E,1,3,1,EcalT1M3N1,Other flwrs,0,0,0,0,0,0,NA,NA,,
L. californica,E,2,1,1,EcalT2M1N1,First flwr,6,48,54,6,48,1,5,Yes,,
L. californica,E,2,1,1,EcalT2M1N1,Other flwrs,0,0,0,0,0,0,NA,NA,,
L. californica,E,2,2,1,EcalT2M2N1,First flwr,4,2,6,4,2,1,2,Yes,All seeds present,
L. californica,E,2,2,1,EcalT2M2N1,Other flwrs,0,0,0,0,0,0,NA,NA,,
L. californica,E,2,3,1,EcalT2M3N1,First flwr,3+?,?,19,3,16,1,4,No,,
L. californica,E,2,3,1,EcalT2M3N1,Other flwrs,?,?,24,0,24,1,NA,No,,
L. californica,F,1,1,1,FcalT1M1N1,First flwr,4+?,?,20,4,16,1,6.5,No,,
L. californica,F,1,1,1,FcalT1M1N1,Other flwrs,?,1,1,0,1,1,NA,No,Most seeds missing,
L. californica,F,1,2,1,FcalT1M2N1,First flwr,8,38,46,8,38,1,5,Yes,,
L. californica,F,1,2,1,FcalT1M2N1,Other flwrs,?,?,75,0,75,1,NA,No,,
L. californica,F,1,3,1,FcalT1M3N1,First flwr,8,67,75,8,67,1,6,Yes,,
L. californica,F,1,3,1,FcalT1M3N1,Other flwrs,4+?,?,47,4,43,1,NA,No,,
L. californica,F,2,1,1,FcalT2M1N1,First flwr,2+ (2 mixed w Ds),162 - (2 Rays),164,2,162,1,7,No,,
L. californica,F,2,1,1,FcalT2M1N1,Other flwrs,0,0,0,0,0,0,NA,NA,,
L. californica,F,2,2,1,FcalT2M2N1,First flwr,10,170,180,10,170,1,7.5,Yes,,
L. californica,F,2,2,1,FcalT2M2N1,Other flwrs,0,0,0,0,0,1,NA,NA,,
L. californica,F,2,3,1,FcalT2M3N1,First flwr,6,111,117,6,111,1,6,Yes,,
L. californica,F,2,3,1,FcalT2M3N1,Other flwrs,18+?,?,356,18,338,5,NA,No,,
L. californica,G,1,1,1,GcalT1M1N1,First flwr,?,?,19,0,19,1,4.5,No,,
L. californica,G,1,1,1,GcalT1M1N1,Other flwrs,0,0,0,0,0,0,NA,NA,,
L. californica,G,1,2,1,GcalT1M2N1,First flwr,3,11,14,3,11,1,4.5,Yes,,
L. californica,G,1,2,1,GcalT1M2N1,Other flwrs,0,0,0,0,0,0,NA,NA,,
L. californica,G,1,3,1,GcalT1M3N1,First flwr,3,23,26,3,23,1,4.5,Yes,,
L. californica,G,1,3,1,GcalT1M3N1,Other flwrs,0,0,0,0,0,0,NA,NA,,
L. californica,G,2,1,1,GcalT2M1N1,First flwr,2,40,42,2,40,1,6,Yes,,
L. californica,G,2,1,1,GcalT2M1N1,Other flwrs,0,0,0,0,0,1,NA,NA,,
L. californica,G,2,2,1,GcalT2M2N1,First flwr,5,12,17,5,12,1,4,Yes,,
L. californica,G,2,2,1,GcalT2M2N1,Other flwrs,0,0,0,0,0,0,NA,NA,,
L. californica,G,2,3,1,GcalT2M3N1,First flwr,4,10,14,4,10,1,3,Yes,,
L. californica,G,2,3,1,GcalT2M3N1,Other flwrs,0,0,0,0,0,0,NA,NA,,
L. californica,H,1,1,1,HcalT1M1N1,First flwr,0,0,0,0,0,1,1,NA,No ripe seeds,
L. californica,H,1,1,1,HcalT1M1N1,Other flwrs,?,?,4,0,4,1,NA,No,Flower mostly empty,
L. californica,H,1,2,1,HcalT1M2N1,First flwr,2,23,25,2,23,1,4.5,Yes,,
L. californica,H,1,2,1,HcalT1M2N1,Other flwrs,4+?,?,9,4,5,1,NA,No,Flower mostly empty,
L. californica,H,1,3,1,HcalT1M3N1,First flwr,?,?,12,0,12,1,2,No,,
L. californica,H,1,3,1,HcalT1M3N1,Other flwrs,0,0,0,0,0,0,NA,NA,,
L. californica,H,2,1,1,HcalT2M1N1,First flwr,7,18,25,7,18,1,2.5,Yes,,
L. californica,H,2,1,1,HcalT2M1N1,Other flwrs,0,0,0,0,0,1,NA,NA,,
L. californica,H,2,2,1,HcalT2M2N1,First flwr,6,31,37,6,31,1,3,Yes,,
L. californica,H,2,2,1,HcalT2M2N1,Other flwrs,0,0,0,0,0,0,NA,NA,,
L. californica,H,2,3,1,HcalT2M3N1,First flwr,6+?,?,26,6,20,1,3,No,,
L. californica,H,2,3,1,HcalT2M3N1,Other flwrs,0,0,0,0,0,0,NA,NA,,
L. californica,I,1,1,1,IcalT1M1N1,First flwr,?,?,87,0,87,1,6,No,,
L. californica,I,1,1,1,IcalT1M1N1,Other flwrs,9,76,85,9,76,1,NA,Yes,,
L. californica,I,1,2,1,IcalT1M2N1,First flwr,2+?,?,28,2,26,1,4.5,Yes,,
L. californica,I,1,2,1,IcalT1M2N1,Other flwrs,0,0,0,0,0,0,NA,NA,,
L. californica,I,1,3,1,IcalT1M3N1,First flwr,?,?,70,0,70,1,5.5,No,,
L. californica,I,1,3,1,IcalT1M3N1,Other flwrs,6,15,21,6,15,1,NA,Yes,,
L. californica,I,2,1,1,IcalT2M1N1,First flwr,6+?,?,96,6,90,1,6,No,,
L. californica,I,2,1,1,IcalT2M1N1,Other flwrs,14,59,73,14,59,2,NA,Yes,,
L. californica,I,2,2,1,IcalT2M2N1,First flwr,7+?,?,25,7,18,1,4,No,,
L. californica,I,2,2,1,IcalT2M2N1,Other flwrs,2+?,?,43,2,41,1,NA,No,,
L. californica,I,2,3,1,IcalT2M3N1,First flwr,NA,NA,NA,NA,NA,NA,NA,NA,No collection,
L. californica,I,2,3,1,IcalT2M3N1,Other flwrs,NA,NA,NA,NA,NA,NA,NA,NA,No collection,
L. californica,J,1,1,1,JcalT1M1N1,First flwr,7,62,69,7,62,1,6,Yes,,
L. californica,J,1,1,1,JcalT1M1N1,Other flwrs,0,2,2,0,2,1,NA,Yes,Most seeds not fertilized,
L. californica,J,1,2,1,JcalT1M2N1,First flwr,0,83,83,0,83,1,6.5,Yes,,
L. californica,J,1,2,1,JcalT1M2N1,Other flwrs,0,0,0,0,0,2,NA,NA,No ripe seeds,
L. californica,J,1,3,1,JcalT1M3N1,First flwr,8,83,91,8,83,1,6.5,Yes,,
L. californica,J,1,3,1,JcalT1M3N1,Other flwrs,NA,NA,NA,NA,NA,NA,NA,NA,No collection,
L. californica,J,2,1,1,JcalT2M1N1,First flwr,8,68,76,8,68,1,6,Yes,,
L. californica,J,2,1,1,JcalT2M1N1,Other flwrs,0,0,0,0,0,1,NA,Yes,,
L. californica,J,2,2,1,JcalT2M2N1,First flwr,5,26,31,5,26,1,5,Yes,,
L. californica,J,2,2,1,JcalT2M2N1,Other flwrs,?,?,31,0,31,1,NA,No,,
L. californica,J,2,3,1,JcalT2M3N1,First flwr,0,40,40,0,40,1,2,Yes,,
L. californica,J,2,3,1,JcalT2M3N1,Other flwrs,0,0,0,0,0,0,NA,NA,,
L. fremontii,A,1,1,1,AfreT1M1N1,First flwr,5,58,63,5,58,1,NA,Yes,,
L. fremontii,A,1,1,1,AfreT1M1N1,Other flwrs,0,0,0,0,0,0,NA,NA,,
L. fremontii,A,1,2,1,AfreT1M2N1,First flwr,1,0,1,1,0,1,NA,Yes,All discs missing,
L. fremontii,A,1,2,1,AfreT1M2N1,Other flwrs,0,0,0,0,0,0,NA,NA,,
L. fremontii,A,1,3,1,AfreT1M3N1,First flwr,6,82,88,6,82,1,NA,Yes,,
L. fremontii,A,1,3,1,AfreT1M3N1,Other flwrs,0,0,0,0,0,0,NA,NA,,
L. fremontii,A,2,1,1,AfreT2M1N1,First flwr,8,128,136,8,128,1,NA,Yes,,
L. fremontii,A,2,1,1,AfreT2M1N1,Other flwrs,0,0,0,0,0,0,NA,NA,,
L. fremontii,A,2,2,1,AfreT2M2N1,First flwr,7,87,94,7,87,1,NA,Yes,,
L. fremontii,A,2,2,1,AfreT2M2N1,Other flwrs,0,0,0,0,0,0,NA,NA,,
L. fremontii,A,2,3,1,AfreT2M3N1,First flwr,5,56,61,5,56,1,NA,Yes,,
L. fremontii,A,2,3,1,AfreT2M3N1,Other flwrs,0,0,0,0,0,1,NA,NA,,
L. fremontii,B,1,1,1,BfreT1M1N1,First flwr,12,171,183,12,171,1,7.5,Yes,,
L. fremontii,B,1,1,1,BfreT1M1N1,Other flwrs,0,0,0,0,0,1,NA,NA,,
L. fremontii,B,1,2,1,BfreT1M2N1,First flwr,5,36,41,5,36,1,4.5,Yes,,
L. fremontii,B,1,2,1,BfreT1M2N1,Other flwrs,0,0,0,0,0,0,NA,NA,,
L. fremontii,B,1,3,1,BfreT1M3N1,First flwr,8,153,161,8,153,1,7,Yes,,
L. fremontii,B,1,3,1,BfreT1M3N1,Other flwrs,0,0,0,0,0,0,NA,NA,,
L. fremontii,B,2,1,1,BfreT2M1N1,First flwr,5,20,25,5,20,1,3.5,Yes,,
L. fremontii,B,2,1,1,BfreT2M1N1,Other flwrs,0,0,0,0,0,0,NA,NA,,
L. fremontii,B,2,2,1,BfreT2M2N1,First flwr,8,120,128,8,120,1,7,Yes,,
L. fremontii,B,2,2,1,BfreT2M2N1,Other flwrs,0,0,0,0,0,0,NA,NA,,
L. fremontii,B,2,3,1,BfreT2M3N1,First flwr,3,52,55,3,52,1,7,Yes,,
L. fremontii,B,2,3,1,BfreT2M3N1,Other flwrs,0,0,0,0,0,1,NA,NA,,
L. fremontii,C,1,1,1,CfreT1M1N1,First flwr,2,121,123,2,121,1,3.5,Yes,,
L. fremontii,C,1,1,1,CfreT1M1N1,Other flwrs,NA,NA,NA,NA,NA,NA,NA,NA,Missing veg + other flwrs,
L. fremontii,C,1,2,1,CfreT1M2N1,First flwr,12,160,172,12,160,1,7,Yes,,
L. fremontii,C,1,2,1,CfreT1M2N1,Other flwrs,0,0,0,0,0,0,NA,NA,,
L. fremontii,C,1,3,1,CfreT1M3N1,First flwr,0,71,71,0,71,1,5,Yes,,
L. fremontii,C,1,3,1,CfreT1M3N1,Other flwrs,0,0,0,0,0,0,NA,NA,,
L. fremontii,C,2,1,1,CfreT2M1N1,First flwr,9,128,137,9,128,1,NA,Yes,,
L. fremontii,C,2,1,1,CfreT2M1N1,Other flwrs,7,14,21,7,14,1,NA,Yes,,
L. fremontii,C,2,2,1,CfreT2M2N1,First flwr,?,?,111,0,111,1,6,No,,
L. fremontii,C,2,2,1,CfreT2M2N1,Other flwrs,0,0,0,0,0,0,NA,NA,,
L. fremontii,C,2,3,1,CfreT2M3N1,First flwr,?,?,199,0,199,1,7,No,,
L. fremontii,C,2,3,1,CfreT2M3N1,Other flwrs,3,217,220,3,217,1,NA,Yes,,
L. fremontii,D,1,1,1,DfreT1M1N1,First flwr,5+?,?,133,5,128,1,7,No,,
L. fremontii,D,1,1,1,DfreT1M1N1,Other flwrs,0,0,0,0,0,0,NA,NA,,
L. fremontii,D,1,2,1,DfreT1M2N1,First flwr,9+?,?,161,9,152,1,NA,No,,
L. fremontii,D,1,2,1,DfreT1M2N1,Other flwrs,0,0,0,0,0,0,NA,NA,,
L. fremontii,D,1,3,1,DfreT1M3N1,First flwr,1+?,?,19,1,18,1,3.5,No,,
L. fremontii,D,1,3,1,DfreT1M3N1,Other flwrs,0,0,0,0,0,0,NA,NA,,
L. fremontii,D,2,1,1,DfreT2M1N1,First flwr,?,?,130,0,130,1,7,No,,
L. fremontii,D,2,1,1,DfreT2M1N1,Other flwrs,?,?,129,0,129,1,NA,No,,
L. fremontii,D,2,2,1,DfreT2M2N1,First flwr,9+?,?,232,9,223,1,8,No,,
L. fremontii,D,2,2,1,DfreT2M2N1,Other flwrs,5+?,?,175,5,170,1,NA,No,,
L. fremontii,D,2,3,1,DfreT2M3N1,First flwr,?,?,77,0,77,1,4.5,No,,
L. fremontii,D,2,3,1,DfreT2M3N1,Other flwrs,0,0,0,0,0,0,NA,NA,,
L. fremontii,E,1,1,1,EfreT1M1N1,First flwr,6+?,?,53,6,47,1,4,No,,
L. fremontii,E,1,1,1,EfreT1M1N1,Other flwrs,2+?,?,25,2,25,1,NA,No,,
L. fremontii,E,1,2,1,EfreT1M2N1,First flwr,7,141,148,7,141,1,7,Yes,,
L. fremontii,E,1,2,1,EfreT1M2N1,Other flwrs,0,0,0,0,0,0,NA,NA,,
L. fremontii,E,1,3,1,EfreT1M3N1,First flwr,1+?,?,63,1,62,1,7,No,,
L. fremontii,E,1,3,1,EfreT1M3N1,Other flwrs,0,0,0,0,0,0,NA,NA,,
L. fremontii,E,2,1,1,EfreT2M1N1,First flwr,3+?,?,181,3,178,1,8.5,No,,
L. fremontii,E,2,1,1,EfreT2M1N1,Other flwrs,3+?,?,163,3,160,1,NA,No,,
L. fremontii,E,2,2,1,EfreT2M2N1,First flwr,3+?,?,66,3,63,1,7,No,,
L. fremontii,E,2,2,1,EfreT2M2N1,Other flwrs,0,0,0,0,0,1,NA,NA,,
L. fremontii,E,2,3,1,EfreT2M3N1,First flwr,5+?,?,45,5,40,1,7.5,No,,
L. fremontii,E,2,3,1,EfreT2M3N1,Other flwrs,7+?,?,29,7,22,1,NA,No,All seeds flattened,
L. fremontii,F,1,1,1,FfreT1M1N1,First flwr,7+?,?,83,7,76,1,4,No,,
L. fremontii,F,1,1,1,FfreT1M1N1,Other flwrs,0,0,0,0,0,0,NA,NA,,
L. fremontii,F,1,2,1,FfreT1M2N1,First flwr,7,110,117,7,110,1,6.5,Yes,,
L. fremontii,F,1,2,1,FfreT1M2N1,Other flwrs,1,2,3,1,2,1,NA,Yes,,
L. fremontii,F,1,3,1,FfreT1M3N1,First flwr,4,23,27,4,23,1,4,Yes,,
L. fremontii,F,1,3,1,FfreT1M3N1,Other flwrs,0,0,0,0,0,0,NA,NA,,
L. fremontii,F,2,1,1,FfreT2M1N1,First flwr,?,?,180,0,180,1,7,No,,
L. fremontii,F,2,1,1,FfreT2M1N1,Other flwrs,14+?,?,172,14,158,2,NA,No,,
L. fremontii,F,2,2,1,FfreT2M2N1,First flwr,1+?,?,40,1,39,1,4,No,,
L. fremontii,F,2,2,1,FfreT2M2N1,Other flwrs,0,0,0,0,0,0,NA,NA,,
L. fremontii,F,2,3,1,FfreT2M3N1,First flwr,6+ (1-2 mixed w Ds),? - (1-2 R),376,6,370,1,11.5,No,,
L. fremontii,F,2,3,1,FfreT2M3N1,Other flwrs,27,808,835,27,808,3,NA,Yes,,
L. fremontii,G,1,1,1,GfreT1M1N1,First flwr,8,39,47,8,39,1,5,Yes,,
L. fremontii,G,1,1,1,GfreT1M1N1,Other flwrs,0,0,0,0,0,0,NA,NA,,
L. fremontii,G,1,2,1,GfreT1M2N1,First flwr,5,13,18,5,13,1,2.5,Yes,,
L. fremontii,G,1,2,1,GfreT1M2N1,Other flwrs,0,0,0,0,0,0,NA,NA,,
L. fremontii,G,1,3,1,GfreT1M3N1,First flwr,7,95,102,7,95,1,6,Yes,,
L. fremontii,G,1,3,1,GfreT1M3N1,Other flwrs,0,0,0,0,0,0,NA,NA,,
L. fremontii,G,2,1,1,GfreT2M1N1,First flwr,4,35,39,4,35,1,4.5,Yes,,
L. fremontii,G,2,1,1,GfreT2M1N1,Other flwrs,0,0,0,0,0,0,NA,NA,,
L. fremontii,G,2,2,1,GfreT2M2N1,First flwr,10,204,214,10,204,1,10,Yes,,
L. fremontii,G,2,2,1,GfreT2M2N1,Other flwrs,0,0,0,0,0,0,NA,NA,,
L. fremontii,G,2,3,1,GfreT2M3N1,First flwr,8,134,142,8,134,1,6,Yes,,
L. fremontii,G,2,3,1,GfreT2M3N1,Other flwrs,0,0,0,0,0,0,NA,NA,,
L. fremontii,H,1,1,1,HfreT1M1N1,First flwr,9,79,88,9,79,1,6,Yes,,
L. fremontii,H,1,1,1,HfreT1M1N1,Other flwrs,0,0,0,0,0,1,NA,NA,,
L. fremontii,H,1,2,1,HfreT1M2N1,First flwr,7,84,91,7,84,1,5.5,Yes,,
L. fremontii,H,1,2,1,HfreT1M2N1,Other flwrs,0,0,0,0,0,0,NA,NA,,
L. fremontii,H,1,3,1,HfreT1M3N1,First flwr,8,136,144,8,136,1,6.5,Yes,,
L. fremontii,H,1,3,1,HfreT1M3N1,Other flwrs,0,0,0,0,0,0,NA,NA,,
L. fremontii,H,2,1,1,HfreT2M1N1,First flwr,?,?,118,0,118,1,6,No,,
L. fremontii,H,2,1,1,HfreT2M1N1,Other flwrs,0,0,0,0,0,0,NA,NA,,
L. fremontii,H,2,2,1,HfreT2M2N1,First flwr,8,45,53,8,45,1,4,Yes,,
L. fremontii,H,2,2,1,HfreT2M2N1,Other flwrs,0,0,0,0,0,0,NA,NA,,
L. fremontii,H,2,3,1,HfreT2M3N1,First flwr,?,?,219,0,219,1,7,No,,
L. fremontii,H,2,3,1,HfreT2M3N1,Other flwrs,0,0,0,0,0,1,NA,NA,,
L. fremontii,I,1,1,1,IfreT1M1N1,First flwr,?,?,3,0,3,1,1.5,No,,
L. fremontii,I,1,1,1,IfreT1M1N1,Other flwrs,0,0,0,0,0,1,NA,NA,,
L. fremontii,I,1,2,1,IfreT1M2N1,First flwr,?,?,31,0,31,1,4.5,No,,
L. fremontii,I,1,2,1,IfreT1M2N1,Other flwrs,0,0,0,0,0,0,NA,NA,,
L. fremontii,I,1,3,1,IfreT1M3N1,First flwr,5,22,27,5,22,1,3,Yes,,
L. fremontii,I,1,3,1,IfreT1M3N1,Other flwrs,0,0,0,0,0,0,NA,NA,,
L. fremontii,I,2,1,1,IfreT2M1N1,First flwr,7,37,44,7,37,1,4,Yes,,
L. fremontii,I,2,1,1,IfreT2M1N1,Other flwrs,0,0,0,0,0,0,NA,NA,,
L. fremontii,I,2,2,1,IfreT2M2N1,First flwr,0,9,9,0,9,1,1.5,Yes,,
L. fremontii,I,2,2,1,IfreT2M2N1,Other flwrs,0,0,0,0,0,0,NA,NA,,
L. fremontii,I,2,3,1,IfreT2M3N1,First flwr,1,2,3,1,2,1,2,Yes,,
L. fremontii,I,2,3,1,IfreT2M3N1,Other flwrs,0,0,0,0,0,0,NA,NA,,
L. fremontii,J,1,1,1,JfreT1M1N1,First flwr,10,120,130,10,120,1,6,Yes,,
L. fremontii,J,1,1,1,JfreT1M1N1,Other flwrs,0,0,0,0,0,0,NA,NA,,
L. fremontii,J,1,2,1,JfreT1M2N1,First flwr,12,218,230,12,218,1,8.5,Yes,,
L. fremontii,J,1,2,1,JfreT1M2N1,Other flwrs,28,481,509,28,481,5,NA,Yes,,
L. fremontii,J,1,3,1,JfreT1M3N1,First flwr,11,150,161,11,150,1,8,Yes,,
L. fremontii,J,1,3,1,JfreT1M3N1,Other flwrs,0,0,0,0,0,0,NA,NA,,
L. fremontii,J,2,1,1,JfreT2M1N1,First flwr,7,72,79,7,72,1,6,Yes,,
L. fremontii,J,2,1,1,JfreT2M1N1,Other flwrs,0,0,0,0,0,1,NA,NA,,
L. fremontii,J,2,2,1,JfreT2M2N1,First flwr,8,84,92,8,84,1,6,Yes,,
L. fremontii,J,2,2,1,JfreT2M2N1,Other flwrs,0,0,0,0,0,0,NA,NA,,
L. fremontii,J,2,3,1,JfreT2M3N1,First flwr,11,186,197,11,186,1,9,Yes,,
L. fremontii,J,2,3,1,JfreT2M3N1,Other flwrs,4+?,?,112,4,108,13,NA,No,,
L. glaberrima,A,1,1,1,AglaT1M1N1,First flwr,NA,16,16,NA,16,1,2.5,Yes,,
L. glaberrima,A,1,1,1,AglaT1M1N1,Other flwrs,NA,0,0,NA,0,1,NA,NA,,
L. glaberrima,A,1,2,1,AglaT1M2N1,First flwr,NA,10,10,NA,10,1,2,Yes,,
L. glaberrima,A,1,2,1,AglaT1M2N1,Other flwrs,NA,0,0,NA,0,0,NA,NA,,
L. glaberrima,A,1,3,1,AglaT1M3N1,First flwr,NA,11,11,NA,11,1,2,Yes,,
L. glaberrima,A,1,3,1,AglaT1M3N1,Other flwrs,NA,0,0,NA,0,0,NA,NA,,
L. glaberrima,A,2,1,1,AglaT2M1N1,First flwr,NA,35,35,NA,35,1,3,Yes,,
L. glaberrima,A,2,1,1,AglaT2M1N1,Other flwrs,NA,36,36,NA,36,1,NA,Yes,,
L. glaberrima,A,2,2,1,AglaT2M2N1,First flwr,NA,38,38,NA,38,1,3.5,Yes,,
L. glaberrima,A,2,2,1,AglaT2M2N1,Other flwrs,NA,30,30,NA,30,1,NA,Yes,,
L. glaberrima,A,2,3,1,AglaT2M3N1,First flwr,NA,37,37,NA,37,1,3.5,Yes,,
L. glaberrima,A,2,3,1,AglaT2M3N1,Other flwrs,NA,0,0,NA,0,0,NA,NA,,
L. glaberrima,B,1,1,1,BglaT1M1N1,First flwr,NA,50,50,NA,50,1,4,Yes,,
L. glaberrima,B,1,1,1,BglaT1M1N1,Other flwrs,NA,90,90,NA,90,2,NA,Yes,,
L. glaberrima,B,1,2,1,BglaT1M2N1,First flwr,NA,42,42,NA,42,1,4,Yes,,
L. glaberrima,B,1,2,1,BglaT1M2N1,Other flwrs,NA,64,64,NA,64,4,NA,Yes,,
L. glaberrima,B,1,3,1,BglaT1M3N1,First flwr,NA,54,54,NA,54,1,4,Yes,,
L. glaberrima,B,1,3,1,BglaT1M3N1,Other flwrs,NA,95,95,NA,95,2,NA,Yes,,
L. glaberrima,B,2,1,1,BglaT2M1N1,First flwr,NA,20,20,NA,20,1,2.5,Yes,,
L. glaberrima,B,2,1,1,BglaT2M1N1,Other flwrs,NA,17,17,NA,17,2,NA,Yes,,
L. glaberrima,B,2,2,1,BglaT2M2N1,First flwr,NA,28,28,NA,28,1,3,Yes,,
L. glaberrima,B,2,2,1,BglaT2M2N1,Other flwrs,NA,15,15,NA,15,1,NA,Yes,,
L. glaberrima,B,2,3,1,BglaT2M3N1,First flwr,NA,13,13,NA,13,1,2,Yes,,
L. glaberrima,B,2,3,1,BglaT2M3N1,Other flwrs,NA,0,0,NA,0,0,NA,NA,,
L. glaberrima,C,1,1,1,CglaT1M1N1,First flwr,NA,4,4,NA,4,1,1.5,Yes,,
L. glaberrima,C,1,1,1,CglaT1M1N1,Other flwrs,NA,0,0,NA,0,0,NA,NA,,
L. glaberrima,C,1,2,1,CglaT1M2N1,First flwr,NA,30,30,NA,30,1,3,Yes,,
L. glaberrima,C,1,2,1,CglaT1M2N1,Other flwrs,NA,25,25,NA,25,1,NA,Yes,,
L. glaberrima,C,1,3,1,CglaT1M3N1,First flwr,NA,14,14,NA,14,1,2,Yes,,
L. glaberrima,C,1,3,1,CglaT1M3N1,Other flwrs,NA,0,0,NA,0,1,NA,NA,,
L. glaberrima,C,2,1,1,CglaT2M1N1,First flwr,NA,43,43,NA,43,1,4,Yes,,
L. glaberrima,C,2,1,1,CglaT2M1N1,Other flwrs,NA,21,21,NA,21,2,NA,Yes,,
L. glaberrima,C,2,2,1,CglaT2M2N1,First flwr,NA,20,20,NA,20,1,2.5,Yes,,
L. glaberrima,C,2,2,1,CglaT2M2N1,Other flwrs,NA,0,0,NA,0,0,NA,NA,,
L. glaberrima,C,2,3,1,CglaT2M3N1,First flwr,NA,8,8,NA,8,1,1.5,Yes,,
L. glaberrima,C,2,3,1,CglaT2M3N1,Other flwrs,NA,0,0,NA,0,0,NA,NA,,
L. glaberrima,D,1,1,1,DglaT1M1N1,First flwr,NA,37,37,NA,37,1,3,Yes,,
L. glaberrima,D,1,1,1,DglaT1M1N1,Other flwrs,NA,35,35,NA,35,2,NA,Yes,,
L. glaberrima,D,1,2,1,DglaT1M2N1,First flwr,NA,54,54,NA,54,1,3.5,Yes,,
L. glaberrima,D,1,2,1,DglaT1M2N1,Other flwrs,NA,108,108,NA,108,2,NA,Yes,,
L. glaberrima,D,1,3,1,DglaT1M3N1,First flwr,NA,32,32,NA,32,1,3.5,Yes,,
L. glaberrima,D,1,3,1,DglaT1M3N1,Other flwrs,NA,23,23,NA,23,1,NA,Yes,,
L. glaberrima,D,2,1,1,DglaT2M1N1,First flwr,NA,32,32,NA,32,1,3.5,Yes,,
L. glaberrima,D,2,1,1,DglaT2M1N1,Other flwrs,NA,23,23,NA,23,1,NA,Yes,,
L. glaberrima,D,2,2,1,DglaT2M2N1,First flwr,NA,43,43,NA,43,1,4,Yes,,
L. glaberrima,D,2,2,1,DglaT2M2N1,Other flwrs,NA,28,28,NA,28,1,NA,Yes,,
L. glaberrima,D,2,3,1,DglaT2M3N1,First flwr,NA,0,0,NA,0,1,2.5,NA,No ripe seeds,
L. glaberrima,D,2,3,1,DglaT2M3N1,Other flwrs,NA,27,27,NA,27,1,NA,Yes,,
L. glaberrima,E,1,1,1,EglaT1M1N1,First flwr,NA,56,56,NA,56,1,4.5,Yes,,
L. glaberrima,E,1,1,1,EglaT1M1N1,Other flwrs,NA,261,261,NA,261,10,NA,Yes,,
L. glaberrima,E,1,2,1,EglaT1M2N1,First flwr,NA,25,25,NA,25,1,2.5,Yes,,
L. glaberrima,E,1,2,1,EglaT1M2N1,Other flwrs,NA,0,0,NA,0,1,NA,NA,,
L. glaberrima,E,1,3,1,EglaT1M3N1,First flwr,NA,50,50,NA,50,1,4,Yes,,
L. glaberrima,E,1,3,1,EglaT1M3N1,Other flwrs,NA,124,124,NA,124,6,NA,Yes,,
L. glaberrima,E,2,1,1,EglaT2M1N1,First flwr,NA,47,47,NA,47,1,4,Yes,,
L. glaberrima,E,2,1,1,EglaT2M1N1,Other flwrs,NA,35,35,NA,35,3,NA,Yes,,
L. glaberrima,E,2,2,1,EglaT2M2N1,First flwr,NA,43,43,NA,43,1,3,Yes,,
L. glaberrima,E,2,2,1,EglaT2M2N1,Other flwrs,NA,98,98,NA,98,3,NA,Yes,,
L. glaberrima,E,2,3,1,EglaT2M3N1,First flwr,NA,43,43,NA,43,1,4,Yes,,
L. glaberrima,E,2,3,1,EglaT2M3N1,Other flwrs,NA,0,0,NA,0,1,NA,NA,,
L. glaberrima,F,1,1,1,FglaT1M1N1,First flwr,NA,40,40,NA,40,1,3,Yes,,
L. glaberrima,F,1,1,1,FglaT1M1N1,Other flwrs,NA,1,1,NA,1,3,NA,Yes,,
L. glaberrima,F,1,2,1,FglaT1M2N1,First flwr,NA,15,15,NA,15,1,1.5,Yes,,
L. glaberrima,F,1,2,1,FglaT1M2N1,Other flwrs,NA,0,0,NA,0,1,NA,NA,,
L. glaberrima,F,1,3,1,FglaT1M3N1,First flwr,NA,29,29,NA,29,1,2.5,Yes,,
L. glaberrima,F,1,3,1,FglaT1M3N1,Other flwrs,NA,0,0,NA,0,2,NA,NA,,
L. glaberrima,F,2,1,1,FglaT2M1N1,First flwr,5,38,43,5,38,1,4,Yes,actually L. fremontii,
L. glaberrima,F,2,1,1,FglaT2M1N1,Other flwrs,NA,0,0,NA,0,1,NA,NA,Flowers empty,
L. glaberrima,F,2,2,1,FglaT2M2N1,First flwr,NA,33,33,NA,33,1,3,Yes,,
L. glaberrima,F,2,2,1,FglaT2M2N1,Other flwrs,NA,0,0,NA,0,1,NA,NA,Flowers empty,
L. glaberrima,F,2,3,1,FglaT2M3N1,First flwr,NA,18,18,NA,18,1,2.5,Yes,,
L. glaberrima,F,2,3,1,FglaT2M3N1,Other flwrs,NA,0,0,NA,0,1,NA,NA,Flowers empty,
L. glaberrima,G,1,1,1,GglaT1M1N1,First flwr,NA,0,0,NA,0,1,2.5,NA,No ripe seeds,
L. glaberrima,G,1,1,1,GglaT1M1N1,Other flwrs,NA,0,0,NA,0,0,NA,NA,,
L. glaberrima,G,1,2,1,GglaT1M2N1,First flwr,NA,64,64,NA,64,1,4.5,Yes,,
L. glaberrima,G,1,2,1,GglaT1M2N1,Other flwrs,NA,26,26,NA,26,1,NA,Yes,,
L. glaberrima,G,1,3,1,GglaT1M3N1,First flwr,NA,12,12,NA,12,1,2.5,Yes,,
L. glaberrima,G,1,3,1,GglaT1M3N1,Other flwrs,NA,0,0,NA,0,0,NA,NA,,
L. glaberrima,G,2,1,1,GglaT2M1N1,First flwr,NA,23,23,NA,23,1,3,Yes,,
L. glaberrima,G,2,1,1,GglaT2M1N1,Other flwrs,NA,0,0,NA,0,0,NA,NA,,
L. glaberrima,G,2,2,1,GglaT2M2N1,First flwr,NA,20,20,NA,20,1,2.5,Yes,,
L. glaberrima,G,2,2,1,GglaT2M2N1,Other flwrs,NA,0,0,NA,0,0,NA,NA,,
L. glaberrima,G,2,3,1,GglaT2M3N1,First flwr,NA,40,40,NA,40,1,3.5,Yes,,
L. glaberrima,G,2,3,1,GglaT2M3N1,Other flwrs,NA,32,32,NA,32,1,NA,Yes,,
L. glaberrima,H,1,1,1,HglaT1M1N1,First flwr,NA,41,41,NA,41,1,3,Yes,,
L. glaberrima,H,1,1,1,HglaT1M1N1,Other flwrs,NA,0,0,NA,0,2,NA,NA,Flowers empty,
L. glaberrima,H,1,2,1,HglaT1M2N1,First flwr,NA,59,59,NA,59,1,4.5,Yes,,
L. glaberrima,H,1,2,1,HglaT1M2N1,Other flwrs,NA,162,162,NA,162,6,NA,Yes,,
L. glaberrima,H,1,3,1,HglaT1M3N1,First flwr,NA,57,57,NA,57,1,3.5,Yes,,
L. glaberrima,H,1,3,1,HglaT1M3N1,Other flwrs,NA,47,47,NA,47,3,NA,Yes,,
L. glaberrima,H,2,1,1,HglaT2M1N1,First flwr,NA,23,23,NA,23,1,2.5,Yes,,
L. glaberrima,H,2,1,1,HglaT2M1N1,Other flwrs,NA,0,0,NA,0,1,NA,NA,,
L. glaberrima,H,2,2,1,HglaT2M2N1,First flwr,NA,57,57,NA,57,1,4.5,Yes,,
L. glaberrima,H,2,2,1,HglaT2M2N1,Other flwrs,NA,0,0,NA,0,3,NA,NA,,
L. glaberrima,H,2,3,1,HglaT2M3N1,First flwr,NA,NA,NA,NA,NA,NA,NA,NA,No collection,
L. glaberrima,H,2,3,1,HglaT2M3N1,Other flwrs,NA,NA,NA,NA,NA,NA,NA,NA,No collection,
L. glaberrima,I,1,1,1,IglaT1M1N1,First flwr,NA,31,31,NA,31,1,3.5,Yes,,
L. glaberrima,I,1,1,1,IglaT1M1N1,Other flwrs,NA,0,0,NA,0,1,NA,NA,,
L. glaberrima,I,1,2,1,IglaT1M2N1,First flwr,NA,26,26,NA,26,1,3,Yes,,
L. glaberrima,I,1,2,1,IglaT1M2N1,Other flwrs,NA,0,0,NA,0,2,NA,NA,,
L. glaberrima,I,1,3,1,IglaT1M3N1,First flwr,NA,17,17,NA,17,1,2.5,Yes,,
L. glaberrima,I,1,3,1,IglaT1M3N1,Other flwrs,NA,0,0,NA,0,0,NA,NA,,
L. glaberrima,I,2,1,1,IglaT2M1N1,First flwr,NA,60,60,NA,60,1,5,Yes,,
L. glaberrima,I,2,1,1,IglaT2M1N1,Other flwrs,NA,178,178,NA,178,4,NA,Yes,,
L. glaberrima,I,2,2,1,IglaT2M2N1,First flwr,NA,26,26,NA,26,1,3,Yes,,
L. glaberrima,I,2,2,1,IglaT2M2N1,Other flwrs,NA,0,0,NA,0,2,NA,Yes,,
L. glaberrima,I,2,3,1,IglaT2M3N1,First flwr,NA,19,19,NA,19,1,2.5,Yes,,
L. glaberrima,I,2,3,1,IglaT2M3N1,Other flwrs,NA,15,15,NA,15,1,NA,Yes,,
L. glaberrima,J,1,1,1,JglaT1M1N1,First flwr,NA,44,44,NA,44,1,3,Yes,,
L. glaberrima,J,1,1,1,JglaT1M1N1,Other flwrs,NA,39,39,NA,39,2,NA,Yes,,
L. glaberrima,J,1,2,1,JglaT1M2N1,First flwr,NA,29,29,NA,29,1,3,Yes,,
L. glaberrima,J,1,2,1,JglaT1M2N1,Other flwrs,NA,0,0,NA,0,2,NA,NA,Flowers empty,
L. glaberrima,J,1,3,1,JglaT1M3N1,First flwr,NA,29,29,NA,29,1,3.5,Yes,,
L. glaberrima,J,1,3,1,JglaT1M3N1,Other flwrs,NA,27,27,NA,27,2,NA,Yes,,
L. glaberrima,J,2,1,1,JglaT2M1N1,First flwr,NA,16,16,NA,16,1,2.5,Yes,,
L. glaberrima,J,2,1,1,JglaT2M1N1,Other flwrs,NA,28,28,NA,28,6,NA,Yes,,
L. glaberrima,J,2,2,1,JglaT2M2N1,First flwr,NA,51,51,NA,51,1,3.5,Yes,,
L. glaberrima,J,2,2,1,JglaT2M2N1,Other flwrs,NA,0,0,NA,0,3,NA,NA,Flowers empty,
L. glaberrima,J,2,3,1,JglaT2M3N1,First flwr,NA,49,49,NA,49,1,3.5,Yes,,
L. glaberrima,J,2,3,1,JglaT2M3N1,Other flwrs,NA,76,76,NA,76,4,NA,Yes,,
L. californica,A,1,1,2,AcalT1M1N2,All flwrs,0,27,27,0,27,2,3,Yes,,
L. californica,A,1,2,2,AcalT1M2N2,All flwrs,13,112,125,13,112,2,NA,Yes,,
L. californica,A,1,3,2,AcalT1M3N2,All flwrs,14,30,44,14,30,2,4,Yes,,
L. californica,A,2,1,2,AcalT2M1N2,All flwrs,1,6,7,1,6,1,2,Yes,,
L. californica,A,2,2,2,AcalT2M2N2,All flwrs,8,150,158,8,150,2,7,Yes,,
L. californica,A,2,3,2,AcalT2M3N2,All flwrs,4,19,23,4,19,1,3.5,Yes,,
L. californica,B,1,1,2,BcalT1M1N2,All flwrs,7,32,39,7,32,1,4,Yes,,
L. californica,B,1,2,2,BcalT1M2N2,All flwrs,5,17,22,5,17,2,2,Yes,,
L. californica,B,1,3,2,BcalT1M3N2,All flwrs,18,80,98,18,80,2,5.5,Yes,,
L. californica,B,2,1,2,BcalT2M1N2,All flwrs,1,1,2,1,1,1,1.5,Yes,,
L. californica,B,2,2,2,BcalT2M2N2,All flwrs,1+?,?,151,1,150,2,7,No,,
L. californica,B,2,3,2,BcalT2M3N2,All flwrs,1+?,?,163,1,162,1,7.5,No,,
L. californica,C,1,1,2,CcalT1M1N2,All flwrs,3+?,?,78,3,75,2,NA,No,,
L. californica,C,1,2,2,CcalT1M2N2,All flwrs,?,?,43,0,43,1,NA,No,,
L. californica,C,1,3,2,CcalT1M3N2,All flwrs,?,?,59,0,59,2,4.5,No,,
L. californica,C,2,1,2,CcalT2M1N2,All flwrs,15,75,90,15,75,2,NA,Yes,,
L. californica,C,2,2,2,CcalT2M2N2,All flwrs,9,66,75,9,66,2,NA,Yes,,
L. californica,C,2,3,2,CcalT2M3N2,All flwrs,?,?,36,0,36,1,4,No,,
L. californica,D,1,1,2,DcalT1M1N2,All flwrs,8,0,8,8,0,1,NA,Yes,Most seeds missing,
L. californica,D,1,2,2,DcalT1M2N2,All flwrs,5,0,5,5,0,2,NA,Yes,Most seeds missing,
L. californica,D,1,3,2,DcalT1M3N2,All flwrs,3+?,?,93,3,90,2,NA,No,,
L. californica,D,2,1,2,DcalT2M1N2,All flwrs,2+?,?,57,2,55,1,4,No,,
L. californica,D,2,2,2,DcalT2M2N2,All flwrs,2+?,?,52,2,50,1,3,No,,
L. californica,D,2,3,2,DcalT2M3N2,All flwrs,6,0,6,6,0,1,NA,Yes,Most seeds missing,
L. californica,E,1,1,2,EcalT1M1N2,All flwrs,21,0,21,21,0,3,NA,Yes,Most seeds missing,
L. californica,E,1,2,2,EcalT1M2N2,All flwrs,2+?,?,213,2,211,2,NA,No,,
L. californica,E,1,3,2,EcalT1M3N2,All flwrs,3,57,60,3,57,1,6,Yes,,
L. californica,E,2,1,2,EcalT2M1N2,All flwrs,4+?,?,57,4,57,1,4,No,,
L. californica,E,2,2,2,EcalT2M2N2,All flwrs,6,27,33,6,27,2,3,Yes,,
L. californica,E,2,3,2,EcalT2M3N2,All flwrs,0,14,14,0,14,1,4,Yes,,
L. californica,F,1,1,2,FcalT1M1N2,All flwrs,2,37,39,2,37,3,3.5,Yes,,
L. californica,F,1,2,2,FcalT1M2N2,All flwrs,22,363,385,22,363,7,NA,Yes,,
L. californica,F,1,3,2,FcalT1M3N2,All flwrs,4,32,36,4,32,3,3,Yes,,
L. californica,F,2,1,2,FcalT2M1N2,All flwrs,4,0,4,4,0,1,NA,Yes,Most seeds missing,
L. californica,F,2,2,2,FcalT2M2N2,All flwrs,5,125,130,5,125,3,NA,Yes,,
L. californica,F,2,3,2,FcalT2M3N2,All flwrs,3+?,?,160,3,157,2,7.5,No,,
L. californica,G,1,1,2,GcalT1M1N2,All flwrs,2,0,2,2,0,1,NA,Yes,"All discs missing, all rays present.",
L. californica,G,1,2,2,GcalT1M2N2,All flwrs,5,58,63,5,58,1,5,Yes,,
L. californica,G,1,3,2,GcalT1M3N2,All flwrs,4,0,4,4,0,1,NA,Yes,All discs missing,
L. californica,G,2,1,2,GcalT2M1N2,All flwrs,2,40,42,2,40,1,4,Yes,,
L. californica,G,2,2,2,GcalT2M2N2,All flwrs,?,?,17,0,17,1,4.5,No,,
L. californica,G,2,3,2,GcalT2M3N2,All flwrs,4,0,4,4,0,1,NA,Yes,All discs missing,
L. californica,H,1,1,2,HcalT1M1N2,All flwrs,9,37,46,9,37,2,3.5,Yes,,
L. californica,H,1,2,2,HcalT1M2N2,All flwrs,8,9,17,8,9,2,3.5,Yes,,
L. californica,H,1,3,2,HcalT1M3N2,All flwrs,5,0,5,5,0,1,NA,Yes,All disc seeds missing,
L. californica,H,2,1,2,HcalT2M1N2,All flwrs,5,0,5,5,0,1,NA,Yes,All disc seeds missing,
L. californica,H,2,2,2,HcalT2M2N2,All flwrs,0,0,0,0,0,1,2.5,NA,,
L. californica,H,2,3,2,HcalT2M3N2,All flwrs,4,0,4,4,0,1,NA,Yes,All disc seeds missing,
L. californica,I,1,1,2,IcalT1M1N2,All flwrs,0,0,0,0,0,3,NA,NA,No ripe seeds,
L. californica,I,1,2,2,IcalT1M2N2,All flwrs,2,13,15,2,13,3,4,Yes,,
L. californica,I,1,3,2,IcalT1M3N2,All flwrs,2,27,29,2,27,2,NA,Yes,,
L. californica,I,2,1,2,IcalT2M1N2,All flwrs,2,0,2,2,0,1,NA,Yes,All discs missing,
L. californica,I,2,2,2,IcalT2M2N2,All flwrs,?,?,10,0,10,1,NA,No,,
L. californica,I,2,3,2,IcalT2M3N2,All flwrs,NA,NA,NA,NA,NA,NA,NA,NA,No collection,
L. californica,J,1,1,2,JcalT1M1N2,All flwrs,?,1,1,0,1,2,NA,No,Most seeds missing,
L. californica,J,1,2,2,JcalT1M2N2,All flwrs,15,76,91,15,76,4,NA,Yes,,
L. californica,J,1,3,2,JcalT1M3N2,All flwrs,?,?,73,0,73,2,5,No,,
L. californica,J,2,1,2,JcalT2M1N2,All flwrs,11,39,50,11,39,2,4,Yes,,
L. californica,J,2,2,2,JcalT2M2N2,All flwrs,2+?,?,32,2,30,2,4,No,,
L. californica,J,2,3,2,JcalT2M3N2,All flwrs,8+?,?,351,8,343,3,NA,No,,
L. fremontii,A,1,1,2,AfreT1M1N2,All flwrs,?,?,88,0,88,1,5.5,No,,
L. fremontii,A,1,2,2,AfreT1M2N2,All flwrs,4,35,39,4,35,1,3,Yes,,
L. fremontii,A,1,3,2,AfreT1M3N2,All flwrs,3,36,39,3,36,1,4,Yes,,
L. fremontii,A,2,1,2,AfreT2M1N2,All flwrs,?,?,143,0,143,1,8,No,,
L. fremontii,A,2,2,2,AfreT2M2N2,All flwrs,?,?,62,0,62,1,4.5,No,,
L. fremontii,A,2,3,2,AfreT2M3N2,All flwrs,?,?,92,0,92,1,3,No,,
L. fremontii,B,1,1,2,BfreT1M1N2,All flwrs,8,0,8,8,0,1,NA,Yes,All discs missing,
L. fremontii,B,1,2,2,BfreT1M2N2,All flwrs,4,6,10,4,6,1,2,Yes,,
L. fremontii,B,1,3,2,BfreT1M3N2,All flwrs,?,?,467,0,467,3,NA,No,,
L. fremontii,B,2,1,2,BfreT2M1N2,All flwrs,6,37,43,6,37,1,4,Yes,,
L. fremontii,B,2,2,2,BfreT2M2N2,All flwrs,4,154,158,4,154,2,7.5,Yes,,
L. fremontii,B,2,3,2,BfreT2M3N2,All flwrs,4,43,47,4,43,1,NA,Yes,,
L. fremontii,C,1,1,2,CfreT1M1N2,All flwrs,?,?,188,0,188,2,NA,No,,
L. fremontii,C,1,2,2,CfreT1M2N2,All flwrs,1+?,?,24,1,23,1,3.5,No,,
L. fremontii,C,1,3,2,CfreT1M3N2,All flwrs,?,?,80,0,80,2,4,No,,
L. fremontii,C,2,1,2,CfreT2M1N2,All flwrs,14,75,89,14,75,3,NA,Yes,,
L. fremontii,C,2,2,2,CfreT2M2N2,All flwrs,0,0,0,0,0,2,3,NA,No ripe seeds,
L. fremontii,C,2,3,2,CfreT2M3N2,All flwrs,?,?,125,0,125,1,NA,No,,
L. fremontii,D,1,1,2,DfreT1M1N2,All flwrs,?,?,20,0,20,1,3,No,No seeds missing,
L. fremontii,D,1,2,2,DfreT1M2N2,All flwrs,2,164,166,2,164,1,7,Yes,,
L. fremontii,D,1,3,2,DfreT1M3N2,All flwrs,7,167,174,7,167,2,7,Yes,,
L. fremontii,D,2,1,2,DfreT2M1N2,All flwrs,2,70,72,2,70,2,NA,Yes,,
L. fremontii,D,2,2,2,DfreT2M2N2,All flwrs,21,0,21,21,0,2,NA,Yes,Most seeds missing,
L. fremontii,D,2,3,2,DfreT2M3N2,All flwrs,25,79,104,25,79,3,NA,Yes,,
L. fremontii,E,1,1,2,EfreT1M1N2,All flwrs,9,139,148,9,139,2,6,Yes,,
L. fremontii,E,1,2,2,EfreT1M2N2,All flwrs,3,41,44,3,41,1,3,Yes,,
L. fremontii,E,1,3,2,EfreT1M3N2,All flwrs,0,0,0,0,0,1,NA,NA,All seeds missing,
L. fremontii,E,2,1,2,EfreT2M1N2,All flwrs,?,?,73,0,73,1,5,No,,
L. fremontii,E,2,2,2,EfreT2M2N2,All flwrs,7+?,?,212,7,205,3,NA,No,,
L. fremontii,E,2,3,2,EfreT2M3N2,All flwrs,7,260,267,7,260,2,NA,Yes,,
L. fremontii,F,1,1,2,FfreT1M1N2,All flwrs,1+?,?,149,1,148,1,6,No,,
L. fremontii,F,1,2,2,FfreT1M2N2,All flwrs,4,34,38,4,34,2,NA,Yes,,
L. fremontii,F,1,3,2,FfreT1M3N2,All flwrs,4,145,149,4,145,2,NA,Yes,,
L. fremontii,F,2,1,2,FfreT2M1N2,All flwrs,4,184,188,4,184,2,NA,Yes,,
L. fremontii,F,2,2,2,FfreT2M2N2,All flwrs,4,34,38,4,34,1,4,Yes,,
L. fremontii,F,2,3,2,FfreT2M3N2,All flwrs,?,?,184,0,184,1,7.5,No,,
L. fremontii,G,1,1,2,GfreT1M1N2,All flwrs,2+?,?,7,2,5,1,2,No,,
L. fremontii,G,1,2,2,GfreT1M2N2,All flwrs,6,32,38,6,32,1,2.5,Yes,,
L. fremontii,G,1,3,2,GfreT1M3N2,All flwrs,?,?,52,0,52,2,NA,No,,
L. fremontii,G,2,1,2,GfreT2M1N2,All flwrs,12,0,12,12,0,1,NA,Yes,All discs missing,
L. fremontii,G,2,2,2,GfreT2M2N2,All flwrs,7,142,149,7,142,1,4,Yes,,
L. fremontii,G,2,3,2,GfreT2M3N2,All flwrs,7,84,91,7,84,2,4.5,Yes,,
L. fremontii,H,1,1,2,HfreT1M1N2,All flwrs,19,182,201,19,182,2,NA,Yes,,
L. fremontii,H,1,2,2,HfreT1M2N2,All flwrs,12,0,12,12,0,1,NA,Yes,All disc seeds missing,
L. fremontii,H,1,3,2,HfreT1M3N2,All flwrs,17,0,17,17,0,2,NA,Yes,All disc seeds missing,
L. fremontii,H,2,1,2,HfreT2M1N2,All flwrs,1,6,7,1,6,1,3,Yes,,
L. fremontii,H,2,2,2,HfreT2M2N2,All flwrs,9,0,9,9,0,1,NA,Yes,All disc seeds missing,
L. fremontii,H,2,3,2,HfreT2M3N2,All flwrs,9,40,49,9,40,2,NA,Yes,,
L. fremontii,I,1,1,2,IfreT1M1N2,All flwrs,8,0,8,8,0,1,NA,Yes,All discs missing,
L. fremontii,I,1,2,2,IfreT1M2N2,All flwrs,?,?,28,0,28,1,NA,No,Actually L. gracilis,
L. fremontii,I,1,3,2,IfreT1M3N2,All flwrs,?,?,62,0,62,1,NA,No,,
L. fremontii,I,2,1,2,IfreT2M1N2,All flwrs,?,?,249,0,249,1,7.5,No,,
L. fremontii,I,2,2,2,IfreT2M2N2,All flwrs,1+?,?,53,1,52,1,4,No,,
L. fremontii,I,2,3,2,IfreT2M3N2,All flwrs,?,?,34,0,34,1,4.5,No,,
L. fremontii,J,1,1,2,JfreT1M1N2,All flwrs,6,157,163,6,157,1,7,Yes,,
L. fremontii,J,1,2,2,JfreT1M2N2,All flwrs,4+?,?,236,4,232,2,NA,No,,
L. fremontii,J,1,3,2,JfreT1M3N2,All flwrs,14+?,?,277,14,259,3,NA,No,,
L. fremontii,J,2,1,2,JfreT2M1N2,All flwrs,5+?,?,330,5,325,4,NA,No,,
L. fremontii,J,2,2,2,JfreT2M2N2,All flwrs,4,0,4,4,0,2,NA,Yes,All discs missing,
L. fremontii,J,2,3,2,JfreT2M3N2,All flwrs,3+?,?,252,3,249,3,NA,No,,
L. glaberrima,A,1,1,2,AfreT1M1N2,All flwrs,NA,0,0,NA,0,1,NA,NA,All seeds missing,
L. glaberrima,A,1,2,2,,All flwrs,NA,11,11,NA,11,1,2,Yes,,
L. glaberrima,A,1,3,2,,All flwrs,NA,10,10,NA,10,1,2.5,Yes,,
L. glaberrima,A,2,1,2,,All flwrs,NA,67,67,NA,67,2,NA,Yes,,
L. glaberrima,A,2,2,2,,All flwrs,NA,60,60,NA,60,3,NA,Yes,,
L. glaberrima,A,2,3,2,,All flwrs,NA,143,143,NA,143,5,NA,Yes,,
L. glaberrima,B,1,1,2,,All flwrs,NA,0,0,NA,0,2,NA,NA,All seeds missing,
L. glaberrima,B,1,2,2,,All flwrs,NA,26,26,NA,26,2,2.5,Yes,,
L. glaberrima,B,1,3,2,,All flwrs,NA,29,29,NA,29,2,4,Yes,,
L. glaberrima,B,2,1,2,,All flwrs,NA,26,26,NA,26,2,3,Yes,,
L. glaberrima,B,2,2,2,,All flwrs,NA,19,19,NA,19,2,2,Yes,,
L. glaberrima,B,2,3,2,,All flwrs,NA,38,38,NA,38,2,NA,Yes,,
L. glaberrima,C,1,1,2,,All flwrs,NA,27,27,NA,27,2,2.5,Yes,,
L. glaberrima,C,1,2,2,,All flwrs,NA,29,29,NA,29,3,2.5,Yes,,
L. glaberrima,C,1,3,2,,All flwrs,NA,0,0,NA,0,0,NA,NA,All seeds missing,
L. glaberrima,C,2,1,2,,All flwrs,NA,0,0,NA,0,2,NA,NA,All seeds missing,
L. glaberrima,C,2,2,2,,All flwrs,NA,105,105,NA,105,4,NA,Yes,,
L. glaberrima,C,2,3,2,,All flwrs,NA,27,27,NA,27,2,NA,Yes,,
L. glaberrima,D,1,1,2,,All flwrs,NA,65,65,NA,65,5,NA,Yes,,
L. glaberrima,D,1,2,2,,All flwrs,NA,48,48,NA,48,2,NA,Yes,,
L. glaberrima,D,1,3,2,,All flwrs,NA,44,44,NA,44,2,2.5,Yes,,
L. glaberrima,D,2,1,2,,All flwrs,NA,36,36,NA,36,3,3,Yes,,
L. glaberrima,D,2,2,2,,All flwrs,NA,23,23,NA,23,2,2,Yes,,
L. glaberrima,D,2,3,2,,All flwrs,NA,27,27,NA,27,1,3,Yes,,
L. glaberrima,E,1,1,2,,All flwrs,NA,41,41,NA,41,3,3,Yes,,
L. glaberrima,E,1,2,2,,All flwrs,NA,0,0,NA,0,1,NA,NA,All seeds missing,
L. glaberrima,E,1,3,2,,All flwrs,NA,53,53,NA,53,5,4,Yes,,
L. glaberrima,E,2,1,2,,All flwrs,NA,0,0,NA,0,1,NA,NA,All seeds missing,
L. glaberrima,E,2,2,2,,All flwrs,NA,0,0,NA,0,2,NA,NA,All seeds missing,
L. glaberrima,E,2,3,2,,All flwrs,NA,0,0,NA,0,1,NA,NA,All seeds missing,
L. glaberrima,F,1,1,2,,All flwrs,NA,0,0,NA,0,2,NA,NA,All seeds missing,
L. glaberrima,F,1,2,2,,All flwrs,NA,0,0,NA,0,2,NA,NA,All seeds missing,
L. glaberrima,F,1,3,2,,All flwrs,NA,0,0,NA,0,2,NA,NA,All seeds missing,
L. glaberrima,F,2,1,2,,All flwrs,NA,24,24,NA,24,1,2,Yes,,
L. glaberrima,F,2,2,2,,All flwrs,NA,41,41,NA,41,5,2.5,Yes,,
L. glaberrima,F,2,3,2,,All flwrs,NA,0,0,NA,0,1,NA,Yes,All seeds missing,
L. glaberrima,G,1,1,2,,All flwrs,NA,45,45,NA,45,2,NA,Yes,,
L. glaberrima,G,1,2,2,,All flwrs,NA,62,62,NA,62,3,NA,Yes,,
L. glaberrima,G,1,3,2,,All flwrs,NA,66,66,NA,66,4,NA,Yes,,
L. glaberrima,G,2,1,2,,All flwrs,NA,14,14,NA,14,1,2,Yes,,
L. glaberrima,G,2,2,2,,All flwrs,NA,10,10,NA,10,1,2,Yes,,
L. glaberrima,G,2,3,2,,All flwrs,NA,29,29,NA,29,2,3.5,Yes,,
L. glaberrima,H,1,1,2,,All flwrs,NA,0,0,NA,0,2,NA,NA,All seeds missing,
L. glaberrima,H,1,2,2,,All flwrs,NA,0,0,NA,0,4,NA,NA,All seeds missing,
L. glaberrima,H,1,3,2,,All flwrs,NA,7,7,NA,7,2,NA,Yes,,
L. glaberrima,H,2,1,2,,All flwrs,NA,0,0,NA,0,3,NA,NA,,
L. glaberrima,H,2,2,2,,All flwrs,NA,0,0,NA,0,6,NA,Yes,,
L. glaberrima,H,2,3,2,,All flwrs,NA,61,61,NA,61,5,NA,NA,,
L. glaberrima,I,1,1,2,,All flwrs,NA,0,0,NA,0,2,NA,NA,All seeds missing,
L. glaberrima,I,1,2,2,,All flwrs,NA,68,68,NA,68,5,NA,Yes,,
L. glaberrima,I,1,3,2,,All flwrs,NA,0,0,NA,0,1,NA,NA,,
L. glaberrima,I,2,1,2,,All flwrs,NA,37,37,NA,37,2,3,Yes,,
L. glaberrima,I,2,2,2,,All flwrs,NA,80,80,NA,80,4,NA,Yes,,
L. glaberrima,I,2,3,2,,All flwrs,NA,44,44,NA,44,3,4,Yes,,
L. glaberrima,J,1,1,2,,All flwrs,NA,48,48,NA,48,3,3,Yes,,
L. glaberrima,J,1,2,2,,All flwrs,NA,17,17,NA,17,2,2,Yes,,
L. glaberrima,J,1,3,2,,All flwrs,NA,0,0,NA,0,2,NA,NA,All seed missing,
L. glaberrima,J,2,1,2,,All flwrs,NA,9,9,NA,9,1,NA,Yes,,
L. glaberrima,J,2,2,2,,All flwrs,NA,0,0,NA,0,2,NA,NA,All seed missing,
L. glaberrima,J,2,3,2,,All flwrs,NA,28,28,NA,28,3,2,Yes,,