Species,Mat_ID,Indiv_ID,Year,MID_Year,IID_Year,Diameter,Disc_tube_count,Ray_tube_count,Total_count
cal,A1calt1m1,A1calt1m1n2,2018,2018A1calt1m1,2018A1calt1m1n2,5.5,47,3,50
cal,A1calt1m1,A1calt1m1n5,2018,2018A1calt1m1,2018A1calt1m1n5,6,22,4,26
cal,A1calt1m2,A1calt1m2n3,2018,2018A1calt1m2,2018A1calt1m2n3,3,11,7,18
cal,B1calt1m1,B1calt1m1n1,2018,2018B1calt1m1,2018B1calt1m1n1,4,28,7,35
cal,B1calt1m1,B1calt1m1n2,2018,2018B1calt1m1,2018B1calt1m1n2,2,9,6,15
cal,B1calt1m1,B1calt1m1n4,2018,2018B1calt1m1,2018B1calt1m1n4,5.5,64,8,72
cal,B1calt1m2,B1calt1m2n1,2018,2018B1calt1m2,2018B1calt1m2n1,2,2,5,7
cal,B1calt1m2,B1calt1m2n4,2018,2018B1calt1m2,2018B1calt1m2n4,2.5,3,4,7
cal,B1calt1m2,B1calt1m2n5,2018,2018B1calt1m2,2018B1calt1m2n5,1,0,0,0
cal,B2calt1m2,B2calt1m2n3,2018,2018B2calt1m2,2018B2calt1m2n3,5.5,87,9,96
cal,B2calt1m2,B2calt1m2n4,2018,2018B2calt1m2,2018B2calt1m2n4,1.5,0,0,0
cal,C1calt1m1,C1calt1m1n2,2018,2018C1calt1m1,2018C1calt1m1n2,5,47,4,51
cal,C1calt1m2,C1calt1m2n1,2018,2018C1calt1m2,2018C1calt1m2n1,2,0,0,0
cal,C1calt1m2,C1calt1m2n2,2018,2018C1calt1m2,2018C1calt1m2n2,2.5,1,3,4
cal,C1calt1m2,C1calt1m2n3,2018,2018C1calt1m2,2018C1calt1m2n3,4,24,6,30
cal,C1calt1m2,C1calt1m2n4,2018,2018C1calt1m2,2018C1calt1m2n4,3,5,3,8
cal,C1calt1m2,C1calt1m2n5,2018,2018C1calt1m2,2018C1calt1m2n5,4,1,0,1
cal,C2calt1m1,C2calt1m1n1,2018,2018C2calt1m1,2018C2calt1m1n1,3,1,0,1
cal,C2calt1m1,C2calt1m1n2,2018,2018C2calt1m1,2018C2calt1m1n2,6,55,8,63
cal,C2calt1m2,C2calt1m2n4,2018,2018C2calt1m2,2018C2calt1m2n4,4.5,16,3,19
cal,E1calt1m1,E1calt1m1n4,2018,2018E1calt1m1,2018E1calt1m1n4,5.5,35,8,43
cal,E1calt1m2,E1calt1m2n5,2018,2018E1calt1m2,2018E1calt1m2n5,1.5,4,1,5
cal,F1calt1m1,F1calt1m1n1,2018,2018F1calt1m1,2018F1calt1m1n1,5,34,5,39
cal,F1calt1m1,F1calt1m1n5,2018,2018F1calt1m1,2018F1calt1m1n5,5,65,7,72
cal,F1calt1m2,F1calt1m2n2,2018,2018F1calt1m2,2018F1calt1m2n2,7,57,0,57
cal,F1calt1m2,F1calt1m2n3,2018,2018F1calt1m2,2018F1calt1m2n3,3,14,4,18
cal,F1calt1m2,F1calt1m2n4,2018,2018F1calt1m2,2018F1calt1m2n4,3,13,4,17
cal,G1calt1m1,G1calt1m1n5,2018,2018G1calt1m1,2018G1calt1m1n5,5.5,58,8,66
cal,G1calt1m2,G1calt1m2n2,2018,2018G1calt1m2,2018G1calt1m2n2,2,1,1,2
cal,G1calt1m2,G1calt1m2n3,2018,2018G1calt1m2,2018G1calt1m2n3,4.5,3,3,6
cal,G1calt1m2,G1calt1m2n4,2018,2018G1calt1m2,2018G1calt1m2n4,3,0,5,5
cal,H1calt1m1,H1calt1m1n2,2018,2018H1calt1m1,2018H1calt1m1n2,2,5,5,10
cal,H1calt1m1,H1calt1m1n4,2018,2018H1calt1m1,2018H1calt1m1n4,2,0,2,2
cal,H1calt1m2,H1calt1m2n4,2018,2018H1calt1m2,2018H1calt1m2n4,4,24,7,31
fre,A1fret1m1,A1fret1m1n1,2018,2018A1fret1m1,2018A1fret1m1n1,4,41,5,46
fre,A1fret1m1,A1fret1m1n2,2018,2018A1fret1m1,2018A1fret1m1n2,7.5,119,14,133
fre,A1fret1m1,A1fret1m1n4,2018,2018A1fret1m1,2018A1fret1m1n4,3,19,13,32
fre,A1fret1m1,A1fret1m1n5,2018,2018A1fret1m1,2018A1fret1m1n5,2.5,38,6,44
fre,A1fret1m2,A1fret1m2n2,2018,2018A1fret1m2,2018A1fret1m2n2,3,15,5,20
fre,A1fret1m2,A1fret1m2n4,2018,2018A1fret1m2,2018A1fret1m2n4,6,110,14,124
fre,A1fret1m2,A1fret1m2n5,2018,2018A1fret1m2,2018A1fret1m2n5,4,33,7,40
fre,B1fret1m1,B1fret1m1n1,2018,2018B1fret1m1,2018B1fret1m1n1,4,21,5,26
fre,B1fret1m1,B1fret1m1n2,2018,2018B1fret1m1,2018B1fret1m1n2,3,23,7,30
fre,B1fret1m1,B1fret1m1n4,2018,2018B1fret1m1,2018B1fret1m1n4,5.5,116,8,124
fre,B1fret1m2,B1fret1m2n1,2018,2018B1fret1m2,2018B1fret1m2n1,2,3,5,8
fre,B1fret1m2,B1fret1m2n2,2018,2018B1fret1m2,2018B1fret1m2n2,7,174,9,183
fre,B2fret1m1,B2fret1m1n1,2018,2018B2fret1m1,2018B2fret1m1n1,4.5,42,6,48
fre,B2fret1m1,B2fret1m1n2,2018,2018B2fret1m1,2018B2fret1m1n2,2,10,4,14
fre,B2fret1m1,B2fret1m1n3,2018,2018B2fret1m1,2018B2fret1m1n3,6,113,8,121
fre,B2fret1m1,B2fret1m1n4,2018,2018B2fret1m1,2018B2fret1m1n4,4,41,9,50
fre,B2fret1m1,B2fret1m1n5,2018,2018B2fret1m1,2018B2fret1m1n5,6,96,8,104
fre,B2fret1m2,B2fret1m2n1,2018,2018B2fret1m2,2018B2fret1m2n1,3.5,41,4,45
fre,B2fret1m2,B2fret1m2n3,2018,2018B2fret1m2,2018B2fret1m2n3,4,59,8,67
fre,B2fret1m2,B2fret1m2n4,2018,2018B2fret1m2,2018B2fret1m2n4,4,34,6,40
fre,C1fret1m1,C1fret1m1n3,2018,2018C1fret1m1,2018C1fret1m1n3,5,51,7,58
fre,C1fret1m1,C1fret1m1n5,2018,2018C1fret1m1,2018C1fret1m1n5,6,70,8,78
fre,C1fret1m2,C1fret1m2n1,2018,2018C1fret1m2,2018C1fret1m2n1,5,64,7,71
fre,C1fret1m2,C1fret1m2n3,2018,2018C1fret1m2,2018C1fret1m2n3,1,0,0,0
fre,C2fret1m1,C2fret1m1n2,2018,2018C2fret1m1,2018C2fret1m1n2,1.5,0,0,0
fre,C2fret1m1,C2fret1m1n5,2018,2018C2fret1m1,2018C2fret1m1n5,4,22,2,24
fre,C2fret1m2,C2fret1m2n4,2018,2018C2fret1m2,2018C2fret1m2n4,2,5,0,5
fre,D1fret1m2,D1fret1m2n2,2018,2018D1fret1m2,2018D1fret1m2n2,1.5,4,5,9
fre,D1fret1m2,D1fret1m2n4,2018,2018D1fret1m2,2018D1fret1m2n4,3.5,36,7,43
fre,E1fret1m2,E1fret1m2n4,2018,2018E1fret1m2,2018E1fret1m2n4,5.5,34,8,42
fre,F1fret1m1,F1fret1m1n3,2018,2018F1fret1m1,2018F1fret1m1n3,5.5,69,5,74
fre,F1fret1m1,F1fret1m1n4,2018,2018F1fret1m1,2018F1fret1m1n4,5,60,7,67
fre,F1fret1m2,F1fret1m2n1,2018,2018F1fret1m2,2018F1fret1m2n1,6,76,1,77
fre,F1fret1m2,F1fret1m2n5,2018,2018F1fret1m2,2018F1fret1m2n5,1,4,4,8
fre,H1fret1m1,H1fret1m1n1,2018,2018H1fret1m1,2018H1fret1m1n1,6,41,6,47
fre,H1fret1m1,H1fret1m1n2,2018,2018H1fret1m1,2018H1fret1m1n2,4,51,7,58
fre,H1fret1m1,H1fret1m1n3,2018,2018H1fret1m1,2018H1fret1m1n3,3,11,7,18
fre,H1fret1m1,H1fret1m1n5,2018,2018H1fret1m1,2018H1fret1m1n5,2,1,1,2
fre,H1fret1m2,H1fret1m2n2,2018,2018H1fret1m2,2018H1fret1m2n2,6,78,8,86
fre,H1fret1m2,H1fret1m2n3,2018,2018H1fret1m2,2018H1fret1m2n3,4,37,7,44
fre,H1fret1m2,H1fret1m2n5,2018,2018H1fret1m2,2018H1fret1m2n5,1,0,0,0
gla,A1glat1m1,A1glat1m1n1,2018,2018A1glat1m1,2018A1glat1m1n1,2,13,NA,NA
gla,A1glat1m1,A1glat1m1n2,2018,2018A1glat1m1,2018A1glat1m1n2,1.5,0,NA,NA
gla,A1glat1m1,A1glat1m1n3,2018,2018A1glat1m1,2018A1glat1m1n3,2,11,NA,NA
gla,A1glat1m1,A1glat1m1n4,2018,2018A1glat1m1,2018A1glat1m1n4,2,6,NA,NA
gla,A1glat1m2,A1glat1m2n2,2018,2018A1glat1m2,2018A1glat1m2n2,2.5,17,NA,NA
gla,A1glat1m2,A1glat1m2n4,2018,2018A1glat1m2,2018A1glat1m2n4,1.5,0,NA,NA
gla,C1glat1m1,C1glat1m1n1,2018,2018C1glat1m1,2018C1glat1m1n1,1.5,6,NA,NA
gla,C1glat1m1,C1glat1m1n4,2018,2018C1glat1m1,2018C1glat1m1n4,2,13,NA,NA
gla,C1glat1m2,C1glat1m2n3,2018,2018C1glat1m2,2018C1glat1m2n3,2.5,18,NA,NA
gla,C1glat1m2,C1glat1m2n4,2018,2018C1glat1m2,2018C1glat1m2n4,1.5,12,NA,NA
gla,C1glat1m2,C1glat1m2n5,2018,2018C1glat1m2,2018C1glat1m2n5,2.5,17,NA,NA
gla,C2glat1m1,C2glat1m1n2,2018,2018C2glat1m1,2018C2glat1m1n2,1,4,NA,NA
gla,C2glat1m2,C2glat1m2n1,2018,2018C2glat1m2,2018C2glat1m2n1,3,25,NA,NA
gla,C2glat1m2,C2glat1m2n2,2018,2018C2glat1m2,2018C2glat1m2n2,2.5,10,NA,NA
gla,C2glat1m2,C2glat1m2n4,2018,2018C2glat1m2,2018C2glat1m2n4,2,4,NA,NA
gla,D1glat1m1,D1glat1m1n1,2018,2018D1glat1m1,2018D1glat1m1n1,3,25,NA,NA
gla,D1glat1m1,D1glat1m1n4,2018,2018D1glat1m1,2018D1glat1m1n4,4,30,NA,NA
gla,D1glat1m2,D1glat1m2n1,2018,2018D1glat1m2,2018D1glat1m2n1,3.5,33,NA,NA
gla,D1glat1m2,D1glat1m2n2,2018,2018D1glat1m2,2018D1glat1m2n2,4,29,NA,NA
gla,D1glat1m2,D1glat1m2n3,2018,2018D1glat1m2,2018D1glat1m2n3,3.5,12,NA,NA
gla,E1glat1m1,E1glat1m1n1,2018,2018E1glat1m1,2018E1glat1m1n1,2,1,NA,NA
gla,E1glat1m1,E1glat1m1n2,2018,2018E1glat1m1,2018E1glat1m1n2,2.5,10,NA,NA
gla,E1glat1m1,E1glat1m1n4,2018,2018E1glat1m1,2018E1glat1m1n4,2.5,14,NA,NA
gla,E1glat1m1,E1glat1m1n5,2018,2018E1glat1m1,2018E1glat1m1n5,1.5,4,NA,NA
gla,F1glat1m1,F1glat1m1n2,2018,2018F1glat1m1,2018F1glat1m1n2,1,4,NA,NA
gla,F1glat1m2,F1glat1m2n1,2018,2018F1glat1m2,2018F1glat1m2n1,1,2,NA,NA
gla,F1glat1m2,F1glat1m2n2,2018,2018F1glat1m2,2018F1glat1m2n2,2,6,NA,NA
gla,F1glat1m2,F1glat1m2n3,2018,2018F1glat1m2,2018F1glat1m2n3,2,12,NA,NA
gla,G1glat1m1,G1glat1m1n2,2018,2018G1glat1m1,2018G1glat1m1n2,2,15,NA,NA
gla,G1glat1m1,G1glat1m1n3,2018,2018G1glat1m1,2018G1glat1m1n3,2.5,15,NA,NA
gla,G1glat1m1,G1glat1m1n5,2018,2018G1glat1m1,2018G1glat1m1n5,2.5,23,NA,NA
gla,H1glat1m1,H1glat1m1n1,2018,2018H1glat1m1,2018H1glat1m1n1,2,4,NA,NA
gla,H1glat1m2,H1glat1m2n2,2018,2018H1glat1m2,2018H1glat1m2n2,1.5,18,NA,NA
gla,H1glat1m2,H1glat1m2n3,2018,2018H1glat1m2,2018H1glat1m2n3,2,14,NA,NA
L. californica,A1L. californicat1m1,A1L. californicat1m1n1,2019,2019 A1L. californicat1m1,2019A1L. californicat1m1n1,3,13,7,20
L. californica,A1L. californicat1m2,A1L. californicat1m2n1,2019,2019 A1L. californicat1m2,2019A1L. californicat1m2n1,4.5,52,5,57
L. californica,A1L. californicat1m3,A1L. californicat1m3n1,2019,2019 A1L. californicat1m3,2019A1L. californicat1m3n1,5,91,7,98
L. californica,A1L. californicat2m3,A1L. californicat2m3n1,2019,2019 A1L. californicat2m3,2019A1L. californicat2m3n1,4.5,20,2,22
L. californica,B1L. californicat1m1,B1L. californicat1m1n1,2019,2019 B1L. californicat1m1,2019B1L. californicat1m1n1,6,70,7,77
L. californica,B1L. californicat1m2,B1L. californicat1m2n1,2019,2019 B1L. californicat1m2,2019B1L. californicat1m2n1,3.5,33,5,38
L. californica,B1L. californicat1m3,B1L. californicat1m3n1,2019,2019 B1L. californicat1m3,2019B1L. californicat1m3n1,3,17,0,17
L. californica,B1L. californicat2m1,B1L. californicat2m1n1,2019,2019 B1L. californicat2m1,2019B1L. californicat2m1n1,4,19,7,26
L. californica,B1L. californicat2m2,B1L. californicat2m2n1,2019,2019 B1L. californicat2m2,2019B1L. californicat2m2n1,6,73,7,80
L. californica,B1L. californicat2m3,B1L. californicat2m3n1,2019,2019 B1L. californicat2m3,2019B1L. californicat2m3n1,6,50,5,55
L. californica,C1L. californicat1m1,C1L. californicat1m1n1,2019,2019 C1L. californicat1m1,2019C1L. californicat1m1n1,4,14,4,18
L. californica,C1L. californicat1m2,C1L. californicat1m2n1,2019,2019 C1L. californicat1m2,2019C1L. californicat1m2n1,7.5,127,7,134
L. californica,C1L. californicat1m3,C1L. californicat1m3n1,2019,2019 C1L. californicat1m3,2019C1L. californicat1m3n1,4,48,4,52
L. californica,C1L. californicat2m1,C1L. californicat2m1n1,2019,2019 C1L. californicat2m1,2019C1L. californicat2m1n1,6,76,7,83
L. californica,C1L. californicat2m2,C1L. californicat2m2n1,2019,2019 C1L. californicat2m2,2019C1L. californicat2m2n1,3,22,7,29
L. californica,C1L. californicat2m3,C1L. californicat2m3n1,2019,2019 C1L. californicat2m3,2019C1L. californicat2m3n1,6,79,7,86
L. californica,D1L. californicat2m1,D1L. californicat2m1n1,2019,2019 D1L. californicat2m1,2019D1L. californicat2m1n1,2,1,2,3
L. californica,E1L. californicat1m1,E1L. californicat1m1n1,2019,2019 E1L. californicat1m1,2019E1L. californicat1m1n1,6,82,8,90
L. californica,E1L. californicat1m2,E1L. californicat1m2n1,2019,2019 E1L. californicat1m2,2019E1L. californicat1m2n1,4,25,4,29
L. californica,E1L. californicat1m3,E1L. californicat1m3n1,2019,2019 E1L. californicat1m3,2019E1L. californicat1m3n1,2.5,15,1,16
L. californica,E1L. californicat2m1,E1L. californicat2m1n1,2019,2019 E1L. californicat2m1,2019E1L. californicat2m1n1,5,48,6,54
L. californica,E1L. californicat2m2,E1L. californicat2m2n1,2019,2019 E1L. californicat2m2,2019E1L. californicat2m2n1,2,2,4,6
L. californica,F1L. californicat1m2,F1L. californicat1m2n1,2019,2019 F1L. californicat1m2,2019F1L. californicat1m2n1,5,38,8,46
L. californica,F1L. californicat1m3,F1L. californicat1m3n1,2019,2019 F1L. californicat1m3,2019F1L. californicat1m3n1,6,67,8,75
L. californica,F1L. californicat2m2,F1L. californicat2m2n1,2019,2019 F1L. californicat2m2,2019F1L. californicat2m2n1,7.5,170,10,180
L. californica,F1L. californicat2m3,F1L. californicat2m3n1,2019,2019 F1L. californicat2m3,2019F1L. californicat2m3n1,6,111,6,117
L. californica,G1L. californicat1m2,G1L. californicat1m2n1,2019,2019 G1L. californicat1m2,2019G1L. californicat1m2n1,4.5,11,3,14
L. californica,G1L. californicat1m3,G1L. californicat1m3n1,2019,2019 G1L. californicat1m3,2019G1L. californicat1m3n1,4.5,23,3,26
L. californica,G1L. californicat2m1,G1L. californicat2m1n1,2019,2019 G1L. californicat2m1,2019G1L. californicat2m1n1,6,40,2,42
L. californica,G1L. californicat2m2,G1L. californicat2m2n1,2019,2019 G1L. californicat2m2,2019G1L. californicat2m2n1,4,12,5,17
L. californica,G1L. californicat2m3,G1L. californicat2m3n1,2019,2019 G1L. californicat2m3,2019G1L. californicat2m3n1,3,10,4,14
L. californica,H1L. californicat1m2,H1L. californicat1m2n1,2019,2019 H1L. californicat1m2,2019H1L. californicat1m2n1,4.5,23,2,25
L. californica,H1L. californicat2m1,H1L. californicat2m1n1,2019,2019 H1L. californicat2m1,2019H1L. californicat2m1n1,2.5,18,7,25
L. californica,H1L. californicat2m2,H1L. californicat2m2n1,2019,2019 H1L. californicat2m2,2019H1L. californicat2m2n1,3,31,6,37
L. californica,I1L. californicat1m2,I1L. californicat1m2n1,2019,2019 I1L. californicat1m2,2019I1L. californicat1m2n1,4.5,26,2,28
L. californica,J1L. californicat1m1,J1L. californicat1m1n1,2019,2019 J1L. californicat1m1,2019J1L. californicat1m1n1,6,62,7,69
L. californica,J1L. californicat1m2,J1L. californicat1m2n1,2019,2019 J1L. californicat1m2,2019J1L. californicat1m2n1,6.5,83,0,83
L. californica,J1L. californicat1m3,J1L. californicat1m3n1,2019,2019 J1L. californicat1m3,2019J1L. californicat1m3n1,6.5,83,8,91
L. californica,J1L. californicat2m1,J1L. californicat2m1n1,2019,2019 J1L. californicat2m1,2019J1L. californicat2m1n1,6,68,8,76
L. californica,J1L. californicat2m2,J1L. californicat2m2n1,2019,2019 J1L. californicat2m2,2019J1L. californicat2m2n1,5,26,5,31
L. californica,J1L. californicat2m3,J1L. californicat2m3n1,2019,2019 J1L. californicat2m3,2019J1L. californicat2m3n1,2,40,0,40
L. fremontii,B1L. fremontiit1m1,B1L. fremontiit1m1n1,2019,2019 B1L. fremontiit1m1,2019B1L. fremontiit1m1n1,7.5,171,12,183
L. fremontii,B1L. fremontiit1m2,B1L. fremontiit1m2n1,2019,2019 B1L. fremontiit1m2,2019B1L. fremontiit1m2n1,4.5,36,5,41
L. fremontii,B1L. fremontiit1m3,B1L. fremontiit1m3n1,2019,2019 B1L. fremontiit1m3,2019B1L. fremontiit1m3n1,7,153,8,161
L. fremontii,B1L. fremontiit2m1,B1L. fremontiit2m1n1,2019,2019 B1L. fremontiit2m1,2019B1L. fremontiit2m1n1,3.5,20,5,25
L. fremontii,B1L. fremontiit2m2,B1L. fremontiit2m2n1,2019,2019 B1L. fremontiit2m2,2019B1L. fremontiit2m2n1,7,120,8,128
L. fremontii,B1L. fremontiit2m3,B1L. fremontiit2m3n1,2019,2019 B1L. fremontiit2m3,2019B1L. fremontiit2m3n1,7,52,3,55
L. fremontii,C1L. fremontiit1m1,C1L. fremontiit1m1n1,2019,2019 C1L. fremontiit1m1,2019C1L. fremontiit1m1n1,3.5,121,2,123
L. fremontii,C1L. fremontiit1m2,C1L. fremontiit1m2n1,2019,2019 C1L. fremontiit1m2,2019C1L. fremontiit1m2n1,7,160,12,172
L. fremontii,C1L. fremontiit1m3,C1L. fremontiit1m3n1,2019,2019 C1L. fremontiit1m3,2019C1L. fremontiit1m3n1,5,71,0,71
L. fremontii,E1L. fremontiit1m2,E1L. fremontiit1m2n1,2019,2019 E1L. fremontiit1m2,2019E1L. fremontiit1m2n1,7,141,7,148
L. fremontii,F1L. fremontiit1m2,F1L. fremontiit1m2n1,2019,2019 F1L. fremontiit1m2,2019F1L. fremontiit1m2n1,6.5,110,7,117
L. fremontii,F1L. fremontiit1m3,F1L. fremontiit1m3n1,2019,2019 F1L. fremontiit1m3,2019F1L. fremontiit1m3n1,4,23,4,27
L. fremontii,G1L. fremontiit1m1,G1L. fremontiit1m1n1,2019,2019 G1L. fremontiit1m1,2019G1L. fremontiit1m1n1,5,39,8,47
L. fremontii,G1L. fremontiit1m2,G1L. fremontiit1m2n1,2019,2019 G1L. fremontiit1m2,2019G1L. fremontiit1m2n1,2.5,13,5,18
L. fremontii,G1L. fremontiit1m3,G1L. fremontiit1m3n1,2019,2019 G1L. fremontiit1m3,2019G1L. fremontiit1m3n1,6,95,7,102
L. fremontii,G1L. fremontiit2m1,G1L. fremontiit2m1n1,2019,2019 G1L. fremontiit2m1,2019G1L. fremontiit2m1n1,4.5,35,4,39
L. fremontii,G1L. fremontiit2m2,G1L. fremontiit2m2n1,2019,2019 G1L. fremontiit2m2,2019G1L. fremontiit2m2n1,10,204,10,214
L. fremontii,G1L. fremontiit2m3,G1L. fremontiit2m3n1,2019,2019 G1L. fremontiit2m3,2019G1L. fremontiit2m3n1,6,134,8,142
L. fremontii,H1L. fremontiit1m1,H1L. fremontiit1m1n1,2019,2019 H1L. fremontiit1m1,2019H1L. fremontiit1m1n1,6,79,9,88
L. fremontii,H1L. fremontiit1m2,H1L. fremontiit1m2n1,2019,2019 H1L. fremontiit1m2,2019H1L. fremontiit1m2n1,5.5,84,7,91
L. fremontii,H1L. fremontiit1m3,H1L. fremontiit1m3n1,2019,2019 H1L. fremontiit1m3,2019H1L. fremontiit1m3n1,6.5,136,8,144
L. fremontii,H1L. fremontiit2m2,H1L. fremontiit2m2n1,2019,2019 H1L. fremontiit2m2,2019H1L. fremontiit2m2n1,4,45,8,53
L. fremontii,I1L. fremontiit1m3,I1L. fremontiit1m3n1,2019,2019 I1L. fremontiit1m3,2019I1L. fremontiit1m3n1,3,22,5,27
L. fremontii,I1L. fremontiit2m1,I1L. fremontiit2m1n1,2019,2019 I1L. fremontiit2m1,2019I1L. fremontiit2m1n1,4,37,7,44
L. fremontii,I1L. fremontiit2m2,I1L. fremontiit2m2n1,2019,2019 I1L. fremontiit2m2,2019I1L. fremontiit2m2n1,1.5,9,0,9
L. fremontii,I1L. fremontiit2m3,I1L. fremontiit2m3n1,2019,2019 I1L. fremontiit2m3,2019I1L. fremontiit2m3n1,2,2,1,3
L. fremontii,J1L. fremontiit1m1,J1L. fremontiit1m1n1,2019,2019 J1L. fremontiit1m1,2019J1L. fremontiit1m1n1,6,120,10,130
L. fremontii,J1L. fremontiit1m2,J1L. fremontiit1m2n1,2019,2019 J1L. fremontiit1m2,2019J1L. fremontiit1m2n1,8.5,218,12,230
L. fremontii,J1L. fremontiit1m3,J1L. fremontiit1m3n1,2019,2019 J1L. fremontiit1m3,2019J1L. fremontiit1m3n1,8,150,11,161
L. fremontii,J1L. fremontiit2m1,J1L. fremontiit2m1n1,2019,2019 J1L. fremontiit2m1,2019J1L. fremontiit2m1n1,6,72,7,79
L. fremontii,J1L. fremontiit2m2,J1L. fremontiit2m2n1,2019,2019 J1L. fremontiit2m2,2019J1L. fremontiit2m2n1,6,84,8,92
L. fremontii,J1L. fremontiit2m3,J1L. fremontiit2m3n1,2019,2019 J1L. fremontiit2m3,2019J1L. fremontiit2m3n1,9,186,11,197
L. glaberrima,A1L. glaberrimat1m1,A1L. glaberrimat1m1n1,2019,2019 A1L. glaberrimat1m1,2019A1L. glaberrimat1m1n1,2.5,16,NA,NA
L. glaberrima,A1L. glaberrimat1m2,A1L. glaberrimat1m2n1,2019,2019 A1L. glaberrimat1m2,2019A1L. glaberrimat1m2n1,2,10,NA,NA
L. glaberrima,A1L. glaberrimat1m3,A1L. glaberrimat1m3n1,2019,2019 A1L. glaberrimat1m3,2019A1L. glaberrimat1m3n1,2,11,NA,NA
L. glaberrima,A1L. glaberrimat2m1,A1L. glaberrimat2m1n1,2019,2019 A1L. glaberrimat2m1,2019A1L. glaberrimat2m1n1,3,35,NA,NA
L. glaberrima,A1L. glaberrimat2m2,A1L. glaberrimat2m2n1,2019,2019 A1L. glaberrimat2m2,2019A1L. glaberrimat2m2n1,3.5,38,NA,NA
L. glaberrima,A1L. glaberrimat2m3,A1L. glaberrimat2m3n1,2019,2019 A1L. glaberrimat2m3,2019A1L. glaberrimat2m3n1,3.5,37,NA,NA
L. glaberrima,B1L. glaberrimat1m1,B1L. glaberrimat1m1n1,2019,2019 B1L. glaberrimat1m1,2019B1L. glaberrimat1m1n1,4,50,NA,NA
L. glaberrima,B1L. glaberrimat1m2,B1L. glaberrimat1m2n1,2019,2019 B1L. glaberrimat1m2,2019B1L. glaberrimat1m2n1,4,42,NA,NA
L. glaberrima,B1L. glaberrimat1m3,B1L. glaberrimat1m3n1,2019,2019 B1L. glaberrimat1m3,2019B1L. glaberrimat1m3n1,4,54,NA,NA
L. glaberrima,B1L. glaberrimat2m1,B1L. glaberrimat2m1n1,2019,2019 B1L. glaberrimat2m1,2019B1L. glaberrimat2m1n1,2.5,20,NA,NA
L. glaberrima,B1L. glaberrimat2m2,B1L. glaberrimat2m2n1,2019,2019 B1L. glaberrimat2m2,2019B1L. glaberrimat2m2n1,3,28,NA,NA
L. glaberrima,B1L. glaberrimat2m3,B1L. glaberrimat2m3n1,2019,2019 B1L. glaberrimat2m3,2019B1L. glaberrimat2m3n1,2,13,NA,NA
L. glaberrima,C1L. glaberrimat1m1,C1L. glaberrimat1m1n1,2019,2019 C1L. glaberrimat1m1,2019C1L. glaberrimat1m1n1,1.5,4,NA,NA
L. glaberrima,C1L. glaberrimat1m2,C1L. glaberrimat1m2n1,2019,2019 C1L. glaberrimat1m2,2019C1L. glaberrimat1m2n1,3,30,NA,NA
L. glaberrima,C1L. glaberrimat1m3,C1L. glaberrimat1m3n1,2019,2019 C1L. glaberrimat1m3,2019C1L. glaberrimat1m3n1,2,14,NA,NA
L. glaberrima,C1L. glaberrimat2m1,C1L. glaberrimat2m1n1,2019,2019 C1L. glaberrimat2m1,2019C1L. glaberrimat2m1n1,4,43,NA,NA
L. glaberrima,C1L. glaberrimat2m2,C1L. glaberrimat2m2n1,2019,2019 C1L. glaberrimat2m2,2019C1L. glaberrimat2m2n1,2.5,20,NA,NA
L. glaberrima,C1L. glaberrimat2m3,C1L. glaberrimat2m3n1,2019,2019 C1L. glaberrimat2m3,2019C1L. glaberrimat2m3n1,1.5,8,NA,NA
L. glaberrima,D1L. glaberrimat1m1,D1L. glaberrimat1m1n1,2019,2019 D1L. glaberrimat1m1,2019D1L. glaberrimat1m1n1,3,37,NA,NA
L. glaberrima,D1L. glaberrimat1m2,D1L. glaberrimat1m2n1,2019,2019 D1L. glaberrimat1m2,2019D1L. glaberrimat1m2n1,3.5,54,NA,NA
L. glaberrima,D1L. glaberrimat1m3,D1L. glaberrimat1m3n1,2019,2019 D1L. glaberrimat1m3,2019D1L. glaberrimat1m3n1,3.5,32,NA,NA
L. glaberrima,D1L. glaberrimat2m1,D1L. glaberrimat2m1n1,2019,2019 D1L. glaberrimat2m1,2019D1L. glaberrimat2m1n1,3.5,32,NA,NA
L. glaberrima,D1L. glaberrimat2m2,D1L. glaberrimat2m2n1,2019,2019 D1L. glaberrimat2m2,2019D1L. glaberrimat2m2n1,4,43,NA,NA
L. glaberrima,E1L. glaberrimat1m1,E1L. glaberrimat1m1n1,2019,2019 E1L. glaberrimat1m1,2019E1L. glaberrimat1m1n1,4.5,56,NA,NA
L. glaberrima,E1L. glaberrimat1m2,E1L. glaberrimat1m2n1,2019,2019 E1L. glaberrimat1m2,2019E1L. glaberrimat1m2n1,2.5,25,NA,NA
L. glaberrima,E1L. glaberrimat1m3,E1L. glaberrimat1m3n1,2019,2019 E1L. glaberrimat1m3,2019E1L. glaberrimat1m3n1,4,50,NA,NA
L. glaberrima,E1L. glaberrimat2m1,E1L. glaberrimat2m1n1,2019,2019 E1L. glaberrimat2m1,2019E1L. glaberrimat2m1n1,4,47,NA,NA
L. glaberrima,E1L. glaberrimat2m2,E1L. glaberrimat2m2n1,2019,2019 E1L. glaberrimat2m2,2019E1L. glaberrimat2m2n1,3,43,NA,NA
L. glaberrima,E1L. glaberrimat2m3,E1L. glaberrimat2m3n1,2019,2019 E1L. glaberrimat2m3,2019E1L. glaberrimat2m3n1,4,43,NA,NA
L. glaberrima,F1L. glaberrimat1m1,F1L. glaberrimat1m1n1,2019,2019 F1L. glaberrimat1m1,2019F1L. glaberrimat1m1n1,3,40,NA,NA
L. glaberrima,F1L. glaberrimat1m2,F1L. glaberrimat1m2n1,2019,2019 F1L. glaberrimat1m2,2019F1L. glaberrimat1m2n1,1.5,15,NA,NA
L. glaberrima,F1L. glaberrimat1m3,F1L. glaberrimat1m3n1,2019,2019 F1L. glaberrimat1m3,2019F1L. glaberrimat1m3n1,2.5,29,NA,NA
L. glaberrima,F1L. glaberrimat2m1,F1L. glaberrimat2m1n1,2019,2019 F1L. glaberrimat2m1,2019F1L. glaberrimat2m1n1,4,38,5,43
L. glaberrima,F1L. glaberrimat2m2,F1L. glaberrimat2m2n1,2019,2019 F1L. glaberrimat2m2,2019F1L. glaberrimat2m2n1,3,33,NA,NA
L. glaberrima,F1L. glaberrimat2m3,F1L. glaberrimat2m3n1,2019,2019 F1L. glaberrimat2m3,2019F1L. glaberrimat2m3n1,2.5,18,NA,NA
L. glaberrima,G1L. glaberrimat1m2,G1L. glaberrimat1m2n1,2019,2019 G1L. glaberrimat1m2,2019G1L. glaberrimat1m2n1,4.5,64,NA,NA
L. glaberrima,G1L. glaberrimat1m3,G1L. glaberrimat1m3n1,2019,2019 G1L. glaberrimat1m3,2019G1L. glaberrimat1m3n1,2.5,12,NA,NA
L. glaberrima,G1L. glaberrimat2m1,G1L. glaberrimat2m1n1,2019,2019 G1L. glaberrimat2m1,2019G1L. glaberrimat2m1n1,3,23,NA,NA
L. glaberrima,G1L. glaberrimat2m2,G1L. glaberrimat2m2n1,2019,2019 G1L. glaberrimat2m2,2019G1L. glaberrimat2m2n1,2.5,20,NA,NA
L. glaberrima,G1L. glaberrimat2m3,G1L. glaberrimat2m3n1,2019,2019 G1L. glaberrimat2m3,2019G1L. glaberrimat2m3n1,3.5,40,NA,NA
L. glaberrima,H1L. glaberrimat1m1,H1L. glaberrimat1m1n1,2019,2019 H1L. glaberrimat1m1,2019H1L. glaberrimat1m1n1,3,41,NA,NA
L. glaberrima,H1L. glaberrimat1m2,H1L. glaberrimat1m2n1,2019,2019 H1L. glaberrimat1m2,2019H1L. glaberrimat1m2n1,4.5,59,NA,NA
L. glaberrima,H1L. glaberrimat1m3,H1L. glaberrimat1m3n1,2019,2019 H1L. glaberrimat1m3,2019H1L. glaberrimat1m3n1,3.5,57,NA,NA
L. glaberrima,H1L. glaberrimat2m1,H1L. glaberrimat2m1n1,2019,2019 H1L. glaberrimat2m1,2019H1L. glaberrimat2m1n1,2.5,23,NA,NA
L. glaberrima,H1L. glaberrimat2m2,H1L. glaberrimat2m2n1,2019,2019 H1L. glaberrimat2m2,2019H1L. glaberrimat2m2n1,4.5,57,NA,NA
L. glaberrima,I1L. glaberrimat1m1,I1L. glaberrimat1m1n1,2019,2019 I1L. glaberrimat1m1,2019I1L. glaberrimat1m1n1,3.5,31,NA,NA
L. glaberrima,I1L. glaberrimat1m2,I1L. glaberrimat1m2n1,2019,2019 I1L. glaberrimat1m2,2019I1L. glaberrimat1m2n1,3,26,NA,NA
L. glaberrima,I1L. glaberrimat1m3,I1L. glaberrimat1m3n1,2019,2019 I1L. glaberrimat1m3,2019I1L. glaberrimat1m3n1,2.5,17,NA,NA
L. glaberrima,I1L. glaberrimat2m1,I1L. glaberrimat2m1n1,2019,2019 I1L. glaberrimat2m1,2019I1L. glaberrimat2m1n1,5,60,NA,NA
L. glaberrima,I1L. glaberrimat2m2,I1L. glaberrimat2m2n1,2019,2019 I1L. glaberrimat2m2,2019I1L. glaberrimat2m2n1,3,26,NA,NA
L. glaberrima,I1L. glaberrimat2m3,I1L. glaberrimat2m3n1,2019,2019 I1L. glaberrimat2m3,2019I1L. glaberrimat2m3n1,2.5,19,NA,NA
L. glaberrima,J1L. glaberrimat1m1,J1L. glaberrimat1m1n1,2019,2019 J1L. glaberrimat1m1,2019J1L. glaberrimat1m1n1,3,44,NA,NA
L. glaberrima,J1L. glaberrimat1m2,J1L. glaberrimat1m2n1,2019,2019 J1L. glaberrimat1m2,2019J1L. glaberrimat1m2n1,3,29,NA,NA
L. glaberrima,J1L. glaberrimat1m3,J1L. glaberrimat1m3n1,2019,2019 J1L. glaberrimat1m3,2019J1L. glaberrimat1m3n1,3.5,29,NA,NA
L. glaberrima,J1L. glaberrimat2m1,J1L. glaberrimat2m1n1,2019,2019 J1L. glaberrimat2m1,2019J1L. glaberrimat2m1n1,2.5,16,NA,NA
L. glaberrima,J1L. glaberrimat2m2,J1L. glaberrimat2m2n1,2019,2019 J1L. glaberrimat2m2,2019J1L. glaberrimat2m2n1,3.5,51,NA,NA
L. glaberrima,J1L. glaberrimat2m3,J1L. glaberrimat2m3n1,2019,2019 J1L. glaberrimat2m3,2019J1L. glaberrimat2m3n1,3.5,49,NA,NA
L. californica,A1L. californicat1m1,A1L. californicat1m1n2,2019,2019 A1L. californicat1m1,2019A1L. californicat1m1n2,3,27,0,27
L. californica,A1L. californicat1m3,A1L. californicat1m3n2,2019,2019 A1L. californicat1m3,2019A1L. californicat1m3n2,4,30,14,44
L. californica,A1L. californicat2m1,A1L. californicat2m1n2,2019,2019 A1L. californicat2m1,2019A1L. californicat2m1n2,2,6,1,7
L. californica,A1L. californicat2m2,A1L. californicat2m2n2,2019,2019 A1L. californicat2m2,2019A1L. californicat2m2n2,7,150,8,158
L. californica,A1L. californicat2m3,A1L. californicat2m3n2,2019,2019 A1L. californicat2m3,2019A1L. californicat2m3n2,3.5,19,4,23
L. californica,B1L. californicat1m1,B1L. californicat1m1n2,2019,2019 B1L. californicat1m1,2019B1L. californicat1m1n2,4,32,7,39
L. californica,B1L. californicat1m2,B1L. californicat1m2n2,2019,2019 B1L. californicat1m2,2019B1L. californicat1m2n2,2,17,5,22
L. californica,B1L. californicat1m3,B1L. californicat1m3n2,2019,2019 B1L. californicat1m3,2019B1L. californicat1m3n2,5.5,80,18,98
L. californica,B1L. californicat2m1,B1L. californicat2m1n2,2019,2019 B1L. californicat2m1,2019B1L. californicat2m1n2,1.5,1,1,2
L. californica,E1L. californicat1m3,E1L. californicat1m3n2,2019,2019 E1L. californicat1m3,2019E1L. californicat1m3n2,6,57,3,60
L. californica,E1L. californicat2m2,E1L. californicat2m2n2,2019,2019 E1L. californicat2m2,2019E1L. californicat2m2n2,3,27,6,33
L. californica,E1L. californicat2m3,E1L. californicat2m3n2,2019,2019 E1L. californicat2m3,2019E1L. californicat2m3n2,4,14,0,14
L. californica,F1L. californicat1m1,F1L. californicat1m1n2,2019,2019 F1L. californicat1m1,2019F1L. californicat1m1n2,3.5,37,2,39
L. californica,F1L. californicat1m3,F1L. californicat1m3n2,2019,2019 F1L. californicat1m3,2019F1L. californicat1m3n2,3,32,4,36
L. californica,G1L. californicat1m2,G1L. californicat1m2n2,2019,2019 G1L. californicat1m2,2019G1L. californicat1m2n2,5,58,5,63
L. californica,G1L. californicat2m1,G1L. californicat2m1n2,2019,2019 G1L. californicat2m1,2019G1L. californicat2m1n2,4,40,2,42
L. californica,H1L. californicat1m1,H1L. californicat1m1n2,2019,2019 H1L. californicat1m1,2019H1L. californicat1m1n2,3.5,37,9,46
L. californica,H1L. californicat1m2,H1L. californicat1m2n2,2019,2019 H1L. californicat1m2,2019H1L. californicat1m2n2,3.5,9,8,17
L. californica,I1L. californicat1m2,I1L. californicat1m2n2,2019,2019 I1L. californicat1m2,2019I1L. californicat1m2n2,4,13,2,15
L. californica,J1L. californicat2m1,J1L. californicat2m1n2,2019,2019 J1L. californicat2m1,2019J1L. californicat2m1n2,4,39,11,50
L. fremontii,A1L. fremontiit1m2,A1L. fremontiit1m2n2,2019,2019 A1L. fremontiit1m2,2019A1L. fremontiit1m2n2,3,35,4,39
L. fremontii,A1L. fremontiit1m3,A1L. fremontiit1m3n2,2019,2019 A1L. fremontiit1m3,2019A1L. fremontiit1m3n2,4,36,3,39
L. fremontii,B1L. fremontiit1m2,B1L. fremontiit1m2n2,2019,2019 B1L. fremontiit1m2,2019B1L. fremontiit1m2n2,2,6,4,10
L. fremontii,B1L. fremontiit2m1,B1L. fremontiit2m1n2,2019,2019 B1L. fremontiit2m1,2019B1L. fremontiit2m1n2,4,37,6,43
L. fremontii,B1L. fremontiit2m2,B1L. fremontiit2m2n2,2019,2019 B1L. fremontiit2m2,2019B1L. fremontiit2m2n2,7.5,154,4,158
L. fremontii,D1L. fremontiit1m2,D1L. fremontiit1m2n2,2019,2019 D1L. fremontiit1m2,2019D1L. fremontiit1m2n2,7,164,2,166
L. fremontii,D1L. fremontiit1m3,D1L. fremontiit1m3n2,2019,2019 D1L. fremontiit1m3,2019D1L. fremontiit1m3n2,7,167,7,174
L. fremontii,E1L. fremontiit1m1,E1L. fremontiit1m1n2,2019,2019 E1L. fremontiit1m1,2019E1L. fremontiit1m1n2,6,139,9,148
L. fremontii,E1L. fremontiit1m2,E1L. fremontiit1m2n2,2019,2019 E1L. fremontiit1m2,2019E1L. fremontiit1m2n2,3,41,3,44
L. fremontii,F1L. fremontiit2m2,F1L. fremontiit2m2n2,2019,2019 F1L. fremontiit2m2,2019F1L. fremontiit2m2n2,4,34,4,38
L. fremontii,G1L. fremontiit1m2,G1L. fremontiit1m2n2,2019,2019 G1L. fremontiit1m2,2019G1L. fremontiit1m2n2,2.5,32,6,38
L. fremontii,G1L. fremontiit2m2,G1L. fremontiit2m2n2,2019,2019 G1L. fremontiit2m2,2019G1L. fremontiit2m2n2,4,142,7,149
L. fremontii,G1L. fremontiit2m3,G1L. fremontiit2m3n2,2019,2019 G1L. fremontiit2m3,2019G1L. fremontiit2m3n2,4.5,84,7,91
L. fremontii,H1L. fremontiit2m1,H1L. fremontiit2m1n2,2019,2019 H1L. fremontiit2m1,2019H1L. fremontiit2m1n2,3,6,1,7
L. fremontii,J1L. fremontiit1m1,J1L. fremontiit1m1n2,2019,2019 J1L. fremontiit1m1,2019J1L. fremontiit1m1n2,7,157,6,163
L. glaberrima,A1L. glaberrimat1m2,A1L. glaberrimat1m2n2,2019,2019 A1L. glaberrimat1m2,2019A1L. glaberrimat1m2n2,2,11,NA,NA
L. glaberrima,A1L. glaberrimat1m3,A1L. glaberrimat1m3n2,2019,2019 A1L. glaberrimat1m3,2019A1L. glaberrimat1m3n2,2.5,10,NA,NA
L. glaberrima,B1L. glaberrimat1m2,B1L. glaberrimat1m2n2,2019,2019 B1L. glaberrimat1m2,2019B1L. glaberrimat1m2n2,2.5,26,NA,NA
L. glaberrima,B1L. glaberrimat1m3,B1L. glaberrimat1m3n2,2019,2019 B1L. glaberrimat1m3,2019B1L. glaberrimat1m3n2,4,29,NA,NA
L. glaberrima,B1L. glaberrimat2m1,B1L. glaberrimat2m1n2,2019,2019 B1L. glaberrimat2m1,2019B1L. glaberrimat2m1n2,3,26,NA,NA
L. glaberrima,B1L. glaberrimat2m2,B1L. glaberrimat2m2n2,2019,2019 B1L. glaberrimat2m2,2019B1L. glaberrimat2m2n2,2,19,NA,NA
L. glaberrima,C1L. glaberrimat1m1,C1L. glaberrimat1m1n2,2019,2019 C1L. glaberrimat1m1,2019C1L. glaberrimat1m1n2,2.5,27,NA,NA
L. glaberrima,C1L. glaberrimat1m2,C1L. glaberrimat1m2n2,2019,2019 C1L. glaberrimat1m2,2019C1L. glaberrimat1m2n2,2.5,29,NA,NA
L. glaberrima,D1L. glaberrimat1m3,D1L. glaberrimat1m3n2,2019,2019 D1L. glaberrimat1m3,2019D1L. glaberrimat1m3n2,2.5,44,NA,NA
L. glaberrima,D1L. glaberrimat2m1,D1L. glaberrimat2m1n2,2019,2019 D1L. glaberrimat2m1,2019D1L. glaberrimat2m1n2,3,36,NA,NA
L. glaberrima,D1L. glaberrimat2m2,D1L. glaberrimat2m2n2,2019,2019 D1L. glaberrimat2m2,2019D1L. glaberrimat2m2n2,2,23,NA,NA
L. glaberrima,D1L. glaberrimat2m3,D1L. glaberrimat2m3n2,2019,2019 D1L. glaberrimat2m3,2019D1L. glaberrimat2m3n2,3,27,NA,NA
L. glaberrima,E1L. glaberrimat1m1,E1L. glaberrimat1m1n2,2019,2019 E1L. glaberrimat1m1,2019E1L. glaberrimat1m1n2,3,41,NA,NA
L. glaberrima,E1L. glaberrimat1m3,E1L. glaberrimat1m3n2,2019,2019 E1L. glaberrimat1m3,2019E1L. glaberrimat1m3n2,4,53,NA,NA
L. glaberrima,F1L. glaberrimat2m1,F1L. glaberrimat2m1n2,2019,2019 F1L. glaberrimat2m1,2019F1L. glaberrimat2m1n2,2,24,NA,NA
L. glaberrima,F1L. glaberrimat2m2,F1L. glaberrimat2m2n2,2019,2019 F1L. glaberrimat2m2,2019F1L. glaberrimat2m2n2,2.5,41,NA,NA
L. glaberrima,G1L. glaberrimat2m1,G1L. glaberrimat2m1n2,2019,2019 G1L. glaberrimat2m1,2019G1L. glaberrimat2m1n2,2,14,NA,NA
L. glaberrima,G1L. glaberrimat2m2,G1L. glaberrimat2m2n2,2019,2019 G1L. glaberrimat2m2,2019G1L. glaberrimat2m2n2,2,10,NA,NA
L. glaberrima,G1L. glaberrimat2m3,G1L. glaberrimat2m3n2,2019,2019 G1L. glaberrimat2m3,2019G1L. glaberrimat2m3n2,3.5,29,NA,NA
L. glaberrima,I1L. glaberrimat2m1,I1L. glaberrimat2m1n2,2019,2019 I1L. glaberrimat2m1,2019I1L. glaberrimat2m1n2,3,37,NA,NA
L. glaberrima,I1L. glaberrimat2m3,I1L. glaberrimat2m3n2,2019,2019 I1L. glaberrimat2m3,2019I1L. glaberrimat2m3n2,4,44,NA,NA
L. glaberrima,J1L. glaberrimat1m1,J1L. glaberrimat1m1n2,2019,2019 J1L. glaberrimat1m1,2019J1L. glaberrimat1m1n2,3,48,NA,NA
L. glaberrima,J1L. glaberrimat1m2,J1L. glaberrimat1m2n2,2019,2019 J1L. glaberrimat1m2,2019J1L. glaberrimat1m2n2,2,17,NA,NA
L. glaberrima,J1L. glaberrimat2m3,J1L. glaberrimat2m3n2,2019,2019 J1L. glaberrimat2m3,2019J1L. glaberrimat2m3n2,2,28,NA,NA
